[2025-12-06 20:32:47] local.ERROR: Please provide a valid cache path. {"exception":"[object] (InvalidArgumentException(code: 0): Please provide a valid cache path. at C:\\D\\xampp\\htdocs\\TTTD_KTPM_Clone2\\vendor\\laravel\\framework\\src\\Illuminate\\View\\Compilers\\Compiler.php:67)
[stacktrace]
#0 C:\\D\\xampp\\htdocs\\TTTD_KTPM_Clone2\\packages\\Webkul\\Core\\src\\Providers\\CoreServiceProvider.php(98): Illuminate\\View\\Compilers\\Compiler->__construct(Object(Illuminate\\Filesystem\\Filesystem), false)
#1 C:\\D\\xampp\\htdocs\\TTTD_KTPM_Clone2\\vendor\\laravel\\framework\\src\\Illuminate\\Container\\Container.php(952): Webkul\\Core\\Providers\\CoreServiceProvider->Webkul\\Core\\Providers\\{closure}(Object(Illuminate\\Foundation\\Application), Array)
#2 C:\\D\\xampp\\htdocs\\TTTD_KTPM_Clone2\\vendor\\laravel\\framework\\src\\Illuminate\\Container\\Container.php(832): Illuminate\\Container\\Container->build(Object(Closure))
#3 C:\\D\\xampp\\htdocs\\TTTD_KTPM_Clone2\\vendor\\laravel\\framework\\src\\Illuminate\\Foundation\\Application.php(1078): Illuminate\\Container\\Container->resolve('blade.compiler', Array, true)
#4 C:\\D\\xampp\\htdocs\\TTTD_KTPM_Clone2\\vendor\\laravel\\framework\\src\\Illuminate\\Container\\Container.php(763): Illuminate\\Foundation\\Application->resolve('blade.compiler', Array)
#5 C:\\D\\xampp\\htdocs\\TTTD_KTPM_Clone2\\vendor\\laravel\\framework\\src\\Illuminate\\Foundation\\Application.php(1058): Illuminate\\Container\\Container->make('blade.compiler', Array)
#6 C:\\D\\xampp\\htdocs\\TTTD_KTPM_Clone2\\vendor\\laravel\\framework\\src\\Illuminate\\Container\\Container.php(1580): Illuminate\\Foundation\\Application->make('blade.compiler')
#7 C:\\D\\xampp\\htdocs\\TTTD_KTPM_Clone2\\vendor\\laravel\\framework\\src\\Illuminate\\Support\\Facades\\Facade.php(239): Illuminate\\Container\\Container->offsetGet('blade.compiler')
#8 C:\\D\\xampp\\htdocs\\TTTD_KTPM_Clone2\\vendor\\laravel\\framework\\src\\Illuminate\\Support\\Facades\\Facade.php(210): Illuminate\\Support\\Facades\\Facade::resolveFacadeInstance('blade.compiler')
#9 C:\\D\\xampp\\htdocs\\TTTD_KTPM_Clone2\\vendor\\laravel\\framework\\src\\Illuminate\\Support\\Facades\\Facade.php(355): Illuminate\\Support\\Facades\\Facade::getFacadeRoot()
#10 C:\\D\\xampp\\htdocs\\TTTD_KTPM_Clone2\\packages\\Webkul\\Admin\\src\\Providers\\AdminServiceProvider.php(31): Illuminate\\Support\\Facades\\Facade::__callStatic('anonymousCompon...', Array)
#11 C:\\D\\xampp\\htdocs\\TTTD_KTPM_Clone2\\vendor\\laravel\\framework\\src\\Illuminate\\Container\\BoundMethod.php(36): Webkul\\Admin\\Providers\\AdminServiceProvider->boot()
#12 C:\\D\\xampp\\htdocs\\TTTD_KTPM_Clone2\\vendor\\laravel\\framework\\src\\Illuminate\\Container\\Util.php(43): Illuminate\\Container\\BoundMethod::Illuminate\\Container\\{closure}()
#13 C:\\D\\xampp\\htdocs\\TTTD_KTPM_Clone2\\vendor\\laravel\\framework\\src\\Illuminate\\Container\\BoundMethod.php(95): Illuminate\\Container\\Util::unwrapIfClosure(Object(Closure))
#14 C:\\D\\xampp\\htdocs\\TTTD_KTPM_Clone2\\vendor\\laravel\\framework\\src\\Illuminate\\Container\\BoundMethod.php(35): Illuminate\\Container\\BoundMethod::callBoundMethod(Object(Illuminate\\Foundation\\Application), Array, Object(Closure))
#15 C:\\D\\xampp\\htdocs\\TTTD_KTPM_Clone2\\vendor\\laravel\\framework\\src\\Illuminate\\Container\\Container.php(696): Illuminate\\Container\\BoundMethod::call(Object(Illuminate\\Foundation\\Application), Array, Array, NULL)
#16 C:\\D\\xampp\\htdocs\\TTTD_KTPM_Clone2\\vendor\\laravel\\framework\\src\\Illuminate\\Foundation\\Application.php(1151): Illuminate\\Container\\Container->call(Array)
#17 C:\\D\\xampp\\htdocs\\TTTD_KTPM_Clone2\\vendor\\laravel\\framework\\src\\Illuminate\\Foundation\\Application.php(1132): Illuminate\\Foundation\\Application->bootProvider(Object(Webkul\\Admin\\Providers\\AdminServiceProvider))
#18 [internal function]: Illuminate\\Foundation\\Application->Illuminate\\Foundation\\{closure}(Object(Webkul\\Admin\\Providers\\AdminServiceProvider), 'Webkul\\\\Admin\\\\Pr...')
#19 C:\\D\\xampp\\htdocs\\TTTD_KTPM_Clone2\\vendor\\laravel\\framework\\src\\Illuminate\\Foundation\\Application.php(1131): array_walk(Array, Object(Closure))
#20 C:\\D\\xampp\\htdocs\\TTTD_KTPM_Clone2\\vendor\\laravel\\framework\\src\\Illuminate\\Foundation\\Bootstrap\\BootProviders.php(17): Illuminate\\Foundation\\Application->boot()
#21 C:\\D\\xampp\\htdocs\\TTTD_KTPM_Clone2\\vendor\\laravel\\framework\\src\\Illuminate\\Foundation\\Application.php(342): Illuminate\\Foundation\\Bootstrap\\BootProviders->bootstrap(Object(Illuminate\\Foundation\\Application))
#22 C:\\D\\xampp\\htdocs\\TTTD_KTPM_Clone2\\vendor\\laravel\\framework\\src\\Illuminate\\Foundation\\Console\\Kernel.php(474): Illuminate\\Foundation\\Application->bootstrapWith(Array)
#23 C:\\D\\xampp\\htdocs\\TTTD_KTPM_Clone2\\vendor\\laravel\\framework\\src\\Illuminate\\Foundation\\Console\\Kernel.php(196): Illuminate\\Foundation\\Console\\Kernel->bootstrap()
#24 C:\\D\\xampp\\htdocs\\TTTD_KTPM_Clone2\\artisan(35): Illuminate\\Foundation\\Console\\Kernel->handle(Object(Symfony\\Component\\Console\\Input\\ArgvInput), Object(Symfony\\Component\\Console\\Output\\ConsoleOutput))
#25 {main}
"} 
[2025-12-06 20:34:26] local.ERROR: Please provide a valid cache path. {"exception":"[object] (InvalidArgumentException(code: 0): Please provide a valid cache path. at C:\\D\\xampp\\htdocs\\TTTD_KTPM_Clone2\\vendor\\laravel\\framework\\src\\Illuminate\\View\\Compilers\\Compiler.php:67)
[stacktrace]
#0 C:\\D\\xampp\\htdocs\\TTTD_KTPM_Clone2\\packages\\Webkul\\Core\\src\\Providers\\CoreServiceProvider.php(98): Illuminate\\View\\Compilers\\Compiler->__construct(Object(Illuminate\\Filesystem\\Filesystem), false)
#1 C:\\D\\xampp\\htdocs\\TTTD_KTPM_Clone2\\vendor\\laravel\\framework\\src\\Illuminate\\Container\\Container.php(952): Webkul\\Core\\Providers\\CoreServiceProvider->Webkul\\Core\\Providers\\{closure}(Object(Illuminate\\Foundation\\Application), Array)
#2 C:\\D\\xampp\\htdocs\\TTTD_KTPM_Clone2\\vendor\\laravel\\framework\\src\\Illuminate\\Container\\Container.php(832): Illuminate\\Container\\Container->build(Object(Closure))
#3 C:\\D\\xampp\\htdocs\\TTTD_KTPM_Clone2\\vendor\\laravel\\framework\\src\\Illuminate\\Foundation\\Application.php(1078): Illuminate\\Container\\Container->resolve('blade.compiler', Array, true)
#4 C:\\D\\xampp\\htdocs\\TTTD_KTPM_Clone2\\vendor\\laravel\\framework\\src\\Illuminate\\Container\\Container.php(763): Illuminate\\Foundation\\Application->resolve('blade.compiler', Array)
#5 C:\\D\\xampp\\htdocs\\TTTD_KTPM_Clone2\\vendor\\laravel\\framework\\src\\Illuminate\\Foundation\\Application.php(1058): Illuminate\\Container\\Container->make('blade.compiler', Array)
#6 C:\\D\\xampp\\htdocs\\TTTD_KTPM_Clone2\\vendor\\laravel\\framework\\src\\Illuminate\\Container\\Container.php(1580): Illuminate\\Foundation\\Application->make('blade.compiler')
#7 C:\\D\\xampp\\htdocs\\TTTD_KTPM_Clone2\\vendor\\laravel\\framework\\src\\Illuminate\\Support\\Facades\\Facade.php(239): Illuminate\\Container\\Container->offsetGet('blade.compiler')
#8 C:\\D\\xampp\\htdocs\\TTTD_KTPM_Clone2\\vendor\\laravel\\framework\\src\\Illuminate\\Support\\Facades\\Facade.php(210): Illuminate\\Support\\Facades\\Facade::resolveFacadeInstance('blade.compiler')
#9 C:\\D\\xampp\\htdocs\\TTTD_KTPM_Clone2\\vendor\\laravel\\framework\\src\\Illuminate\\Support\\Facades\\Facade.php(355): Illuminate\\Support\\Facades\\Facade::getFacadeRoot()
#10 C:\\D\\xampp\\htdocs\\TTTD_KTPM_Clone2\\packages\\Webkul\\Admin\\src\\Providers\\AdminServiceProvider.php(31): Illuminate\\Support\\Facades\\Facade::__callStatic('anonymousCompon...', Array)
#11 C:\\D\\xampp\\htdocs\\TTTD_KTPM_Clone2\\vendor\\laravel\\framework\\src\\Illuminate\\Container\\BoundMethod.php(36): Webkul\\Admin\\Providers\\AdminServiceProvider->boot()
#12 C:\\D\\xampp\\htdocs\\TTTD_KTPM_Clone2\\vendor\\laravel\\framework\\src\\Illuminate\\Container\\Util.php(43): Illuminate\\Container\\BoundMethod::Illuminate\\Container\\{closure}()
#13 C:\\D\\xampp\\htdocs\\TTTD_KTPM_Clone2\\vendor\\laravel\\framework\\src\\Illuminate\\Container\\BoundMethod.php(95): Illuminate\\Container\\Util::unwrapIfClosure(Object(Closure))
#14 C:\\D\\xampp\\htdocs\\TTTD_KTPM_Clone2\\vendor\\laravel\\framework\\src\\Illuminate\\Container\\BoundMethod.php(35): Illuminate\\Container\\BoundMethod::callBoundMethod(Object(Illuminate\\Foundation\\Application), Array, Object(Closure))
#15 C:\\D\\xampp\\htdocs\\TTTD_KTPM_Clone2\\vendor\\laravel\\framework\\src\\Illuminate\\Container\\Container.php(696): Illuminate\\Container\\BoundMethod::call(Object(Illuminate\\Foundation\\Application), Array, Array, NULL)
#16 C:\\D\\xampp\\htdocs\\TTTD_KTPM_Clone2\\vendor\\laravel\\framework\\src\\Illuminate\\Foundation\\Application.php(1151): Illuminate\\Container\\Container->call(Array)
#17 C:\\D\\xampp\\htdocs\\TTTD_KTPM_Clone2\\vendor\\laravel\\framework\\src\\Illuminate\\Foundation\\Application.php(1132): Illuminate\\Foundation\\Application->bootProvider(Object(Webkul\\Admin\\Providers\\AdminServiceProvider))
#18 [internal function]: Illuminate\\Foundation\\Application->Illuminate\\Foundation\\{closure}(Object(Webkul\\Admin\\Providers\\AdminServiceProvider), 'Webkul\\\\Admin\\\\Pr...')
#19 C:\\D\\xampp\\htdocs\\TTTD_KTPM_Clone2\\vendor\\laravel\\framework\\src\\Illuminate\\Foundation\\Application.php(1131): array_walk(Array, Object(Closure))
#20 C:\\D\\xampp\\htdocs\\TTTD_KTPM_Clone2\\vendor\\laravel\\framework\\src\\Illuminate\\Foundation\\Bootstrap\\BootProviders.php(17): Illuminate\\Foundation\\Application->boot()
#21 C:\\D\\xampp\\htdocs\\TTTD_KTPM_Clone2\\vendor\\laravel\\framework\\src\\Illuminate\\Foundation\\Application.php(342): Illuminate\\Foundation\\Bootstrap\\BootProviders->bootstrap(Object(Illuminate\\Foundation\\Application))
#22 C:\\D\\xampp\\htdocs\\TTTD_KTPM_Clone2\\vendor\\laravel\\framework\\src\\Illuminate\\Foundation\\Console\\Kernel.php(474): Illuminate\\Foundation\\Application->bootstrapWith(Array)
#23 C:\\D\\xampp\\htdocs\\TTTD_KTPM_Clone2\\vendor\\laravel\\framework\\src\\Illuminate\\Foundation\\Console\\Kernel.php(196): Illuminate\\Foundation\\Console\\Kernel->bootstrap()
#24 C:\\D\\xampp\\htdocs\\TTTD_KTPM_Clone2\\artisan(35): Illuminate\\Foundation\\Console\\Kernel->handle(Object(Symfony\\Component\\Console\\Input\\ArgvInput), Object(Symfony\\Component\\Console\\Output\\ConsoleOutput))
#25 {main}
"} 
[2025-12-06 20:37:32] local.ERROR: Webkul\Installer\Console\Commands\Installer::getEnvVariable(): Return value must be of type string|bool, null returned {"exception":"[object] (TypeError(code: 0): Webkul\\Installer\\Console\\Commands\\Installer::getEnvVariable(): Return value must be of type string|bool, null returned at C:\\D\\xampp\\htdocs\\TTTD_KTPM_Clone2\\packages\\Webkul\\Installer\\src\\Console\\Commands\\Installer.php:636)
[stacktrace]
#0 C:\\D\\xampp\\htdocs\\TTTD_KTPM_Clone2\\packages\\Webkul\\Installer\\src\\Console\\Commands\\Installer.php(582): Webkul\\Installer\\Console\\Commands\\Installer->getEnvVariable('APP_LOCALE')
#1 C:\\D\\xampp\\htdocs\\TTTD_KTPM_Clone2\\packages\\Webkul\\Installer\\src\\Console\\Commands\\Installer.php(191): Webkul\\Installer\\Console\\Commands\\Installer->loadEnvConfigs()
#2 C:\\D\\xampp\\htdocs\\TTTD_KTPM_Clone2\\vendor\\laravel\\framework\\src\\Illuminate\\Container\\BoundMethod.php(36): Webkul\\Installer\\Console\\Commands\\Installer->handle()
#3 C:\\D\\xampp\\htdocs\\TTTD_KTPM_Clone2\\vendor\\laravel\\framework\\src\\Illuminate\\Container\\Util.php(43): Illuminate\\Container\\BoundMethod::Illuminate\\Container\\{closure}()
#4 C:\\D\\xampp\\htdocs\\TTTD_KTPM_Clone2\\vendor\\laravel\\framework\\src\\Illuminate\\Container\\BoundMethod.php(95): Illuminate\\Container\\Util::unwrapIfClosure(Object(Closure))
#5 C:\\D\\xampp\\htdocs\\TTTD_KTPM_Clone2\\vendor\\laravel\\framework\\src\\Illuminate\\Container\\BoundMethod.php(35): Illuminate\\Container\\BoundMethod::callBoundMethod(Object(Illuminate\\Foundation\\Application), Array, Object(Closure))
#6 C:\\D\\xampp\\htdocs\\TTTD_KTPM_Clone2\\vendor\\laravel\\framework\\src\\Illuminate\\Container\\Container.php(696): Illuminate\\Container\\BoundMethod::call(Object(Illuminate\\Foundation\\Application), Array, Array, NULL)
#7 C:\\D\\xampp\\htdocs\\TTTD_KTPM_Clone2\\vendor\\laravel\\framework\\src\\Illuminate\\Console\\Command.php(213): Illuminate\\Container\\Container->call(Array)
#8 C:\\D\\xampp\\htdocs\\TTTD_KTPM_Clone2\\vendor\\symfony\\console\\Command\\Command.php(318): Illuminate\\Console\\Command->execute(Object(Symfony\\Component\\Console\\Input\\ArgvInput), Object(Illuminate\\Console\\OutputStyle))
#9 C:\\D\\xampp\\htdocs\\TTTD_KTPM_Clone2\\vendor\\laravel\\framework\\src\\Illuminate\\Console\\Command.php(182): Symfony\\Component\\Console\\Command\\Command->run(Object(Symfony\\Component\\Console\\Input\\ArgvInput), Object(Illuminate\\Console\\OutputStyle))
#10 C:\\D\\xampp\\htdocs\\TTTD_KTPM_Clone2\\vendor\\symfony\\console\\Application.php(1110): Illuminate\\Console\\Command->run(Object(Symfony\\Component\\Console\\Input\\ArgvInput), Object(Symfony\\Component\\Console\\Output\\ConsoleOutput))
#11 C:\\D\\xampp\\htdocs\\TTTD_KTPM_Clone2\\vendor\\symfony\\console\\Application.php(359): Symfony\\Component\\Console\\Application->doRunCommand(Object(Webkul\\Installer\\Console\\Commands\\Installer), Object(Symfony\\Component\\Console\\Input\\ArgvInput), Object(Symfony\\Component\\Console\\Output\\ConsoleOutput))
#12 C:\\D\\xampp\\htdocs\\TTTD_KTPM_Clone2\\vendor\\symfony\\console\\Application.php(194): Symfony\\Component\\Console\\Application->doRun(Object(Symfony\\Component\\Console\\Input\\ArgvInput), Object(Symfony\\Component\\Console\\Output\\ConsoleOutput))
#13 C:\\D\\xampp\\htdocs\\TTTD_KTPM_Clone2\\vendor\\laravel\\framework\\src\\Illuminate\\Foundation\\Console\\Kernel.php(198): Symfony\\Component\\Console\\Application->run(Object(Symfony\\Component\\Console\\Input\\ArgvInput), Object(Symfony\\Component\\Console\\Output\\ConsoleOutput))
#14 C:\\D\\xampp\\htdocs\\TTTD_KTPM_Clone2\\artisan(35): Illuminate\\Foundation\\Console\\Kernel->handle(Object(Symfony\\Component\\Console\\Input\\ArgvInput), Object(Symfony\\Component\\Console\\Output\\ConsoleOutput))
#15 {main}
"} 
[2025-12-06 20:37:54] local.ERROR: Webkul\Installer\Console\Commands\Installer::getEnvVariable(): Return value must be of type string|bool, null returned {"exception":"[object] (TypeError(code: 0): Webkul\\Installer\\Console\\Commands\\Installer::getEnvVariable(): Return value must be of type string|bool, null returned at C:\\D\\xampp\\htdocs\\TTTD_KTPM_Clone2\\packages\\Webkul\\Installer\\src\\Console\\Commands\\Installer.php:636)
[stacktrace]
#0 C:\\D\\xampp\\htdocs\\TTTD_KTPM_Clone2\\packages\\Webkul\\Installer\\src\\Console\\Commands\\Installer.php(582): Webkul\\Installer\\Console\\Commands\\Installer->getEnvVariable('APP_LOCALE')
#1 C:\\D\\xampp\\htdocs\\TTTD_KTPM_Clone2\\packages\\Webkul\\Installer\\src\\Console\\Commands\\Installer.php(191): Webkul\\Installer\\Console\\Commands\\Installer->loadEnvConfigs()
#2 C:\\D\\xampp\\htdocs\\TTTD_KTPM_Clone2\\vendor\\laravel\\framework\\src\\Illuminate\\Container\\BoundMethod.php(36): Webkul\\Installer\\Console\\Commands\\Installer->handle()
#3 C:\\D\\xampp\\htdocs\\TTTD_KTPM_Clone2\\vendor\\laravel\\framework\\src\\Illuminate\\Container\\Util.php(43): Illuminate\\Container\\BoundMethod::Illuminate\\Container\\{closure}()
#4 C:\\D\\xampp\\htdocs\\TTTD_KTPM_Clone2\\vendor\\laravel\\framework\\src\\Illuminate\\Container\\BoundMethod.php(95): Illuminate\\Container\\Util::unwrapIfClosure(Object(Closure))
#5 C:\\D\\xampp\\htdocs\\TTTD_KTPM_Clone2\\vendor\\laravel\\framework\\src\\Illuminate\\Container\\BoundMethod.php(35): Illuminate\\Container\\BoundMethod::callBoundMethod(Object(Illuminate\\Foundation\\Application), Array, Object(Closure))
#6 C:\\D\\xampp\\htdocs\\TTTD_KTPM_Clone2\\vendor\\laravel\\framework\\src\\Illuminate\\Container\\Container.php(696): Illuminate\\Container\\BoundMethod::call(Object(Illuminate\\Foundation\\Application), Array, Array, NULL)
#7 C:\\D\\xampp\\htdocs\\TTTD_KTPM_Clone2\\vendor\\laravel\\framework\\src\\Illuminate\\Console\\Command.php(213): Illuminate\\Container\\Container->call(Array)
#8 C:\\D\\xampp\\htdocs\\TTTD_KTPM_Clone2\\vendor\\symfony\\console\\Command\\Command.php(318): Illuminate\\Console\\Command->execute(Object(Symfony\\Component\\Console\\Input\\ArgvInput), Object(Illuminate\\Console\\OutputStyle))
#9 C:\\D\\xampp\\htdocs\\TTTD_KTPM_Clone2\\vendor\\laravel\\framework\\src\\Illuminate\\Console\\Command.php(182): Symfony\\Component\\Console\\Command\\Command->run(Object(Symfony\\Component\\Console\\Input\\ArgvInput), Object(Illuminate\\Console\\OutputStyle))
#10 C:\\D\\xampp\\htdocs\\TTTD_KTPM_Clone2\\vendor\\symfony\\console\\Application.php(1110): Illuminate\\Console\\Command->run(Object(Symfony\\Component\\Console\\Input\\ArgvInput), Object(Symfony\\Component\\Console\\Output\\ConsoleOutput))
#11 C:\\D\\xampp\\htdocs\\TTTD_KTPM_Clone2\\vendor\\symfony\\console\\Application.php(359): Symfony\\Component\\Console\\Application->doRunCommand(Object(Webkul\\Installer\\Console\\Commands\\Installer), Object(Symfony\\Component\\Console\\Input\\ArgvInput), Object(Symfony\\Component\\Console\\Output\\ConsoleOutput))
#12 C:\\D\\xampp\\htdocs\\TTTD_KTPM_Clone2\\vendor\\symfony\\console\\Application.php(194): Symfony\\Component\\Console\\Application->doRun(Object(Symfony\\Component\\Console\\Input\\ArgvInput), Object(Symfony\\Component\\Console\\Output\\ConsoleOutput))
#13 C:\\D\\xampp\\htdocs\\TTTD_KTPM_Clone2\\vendor\\laravel\\framework\\src\\Illuminate\\Foundation\\Console\\Kernel.php(198): Symfony\\Component\\Console\\Application->run(Object(Symfony\\Component\\Console\\Input\\ArgvInput), Object(Symfony\\Component\\Console\\Output\\ConsoleOutput))
#14 C:\\D\\xampp\\htdocs\\TTTD_KTPM_Clone2\\artisan(35): Illuminate\\Foundation\\Console\\Kernel->handle(Object(Symfony\\Component\\Console\\Input\\ArgvInput), Object(Symfony\\Component\\Console\\Output\\ConsoleOutput))
#15 {main}
"} 
[2025-12-07 16:12:28] local.ERROR: Target class [Webkul\FPC\Hasher\DefaultHasher] does not exist. {"exception":"[object] (Illuminate\\Contracts\\Container\\BindingResolutionException(code: 0): Target class [Webkul\\FPC\\Hasher\\DefaultHasher] does not exist. at C:\\D\\xampp\\htdocs\\TTTD_KTPM_Clone2\\vendor\\laravel\\framework\\src\\Illuminate\\Container\\Container.php:961)
[stacktrace]
#0 C:\\D\\xampp\\htdocs\\TTTD_KTPM_Clone2\\vendor\\laravel\\framework\\src\\Illuminate\\Container\\Container.php(832): Illuminate\\Container\\Container->build('Webkul\\\\FPC\\\\Hash...')
#1 C:\\D\\xampp\\htdocs\\TTTD_KTPM_Clone2\\vendor\\laravel\\framework\\src\\Illuminate\\Foundation\\Application.php(1078): Illuminate\\Container\\Container->resolve('Webkul\\\\FPC\\\\Hash...', Array, true)
#2 C:\\D\\xampp\\htdocs\\TTTD_KTPM_Clone2\\vendor\\laravel\\framework\\src\\Illuminate\\Container\\Container.php(763): Illuminate\\Foundation\\Application->resolve('Webkul\\\\FPC\\\\Hash...', Array)
#3 C:\\D\\xampp\\htdocs\\TTTD_KTPM_Clone2\\vendor\\laravel\\framework\\src\\Illuminate\\Foundation\\Application.php(1058): Illuminate\\Container\\Container->make('Webkul\\\\FPC\\\\Hash...', Array)
#4 C:\\D\\xampp\\htdocs\\TTTD_KTPM_Clone2\\vendor\\spatie\\laravel-responsecache\\src\\ResponseCacheServiceProvider.php(33): Illuminate\\Foundation\\Application->make('Webkul\\\\FPC\\\\Hash...')
#5 C:\\D\\xampp\\htdocs\\TTTD_KTPM_Clone2\\vendor\\laravel\\framework\\src\\Illuminate\\Container\\Container.php(952): Spatie\\ResponseCache\\ResponseCacheServiceProvider->Spatie\\ResponseCache\\{closure}(Object(Illuminate\\Foundation\\Application), Array)
#6 C:\\D\\xampp\\htdocs\\TTTD_KTPM_Clone2\\vendor\\laravel\\framework\\src\\Illuminate\\Container\\Container.php(832): Illuminate\\Container\\Container->build(Object(Closure))
#7 C:\\D\\xampp\\htdocs\\TTTD_KTPM_Clone2\\vendor\\laravel\\framework\\src\\Illuminate\\Foundation\\Application.php(1078): Illuminate\\Container\\Container->resolve('Spatie\\\\Response...', Array, true)
#8 C:\\D\\xampp\\htdocs\\TTTD_KTPM_Clone2\\vendor\\laravel\\framework\\src\\Illuminate\\Container\\Container.php(763): Illuminate\\Foundation\\Application->resolve('Spatie\\\\Response...', Array)
#9 C:\\D\\xampp\\htdocs\\TTTD_KTPM_Clone2\\vendor\\laravel\\framework\\src\\Illuminate\\Foundation\\Application.php(1058): Illuminate\\Container\\Container->make('Spatie\\\\Response...', Array)
#10 C:\\D\\xampp\\htdocs\\TTTD_KTPM_Clone2\\vendor\\laravel\\framework\\src\\Illuminate\\Container\\Container.php(1133): Illuminate\\Foundation\\Application->make('Spatie\\\\Response...')
#11 C:\\D\\xampp\\htdocs\\TTTD_KTPM_Clone2\\vendor\\laravel\\framework\\src\\Illuminate\\Container\\Container.php(1043): Illuminate\\Container\\Container->resolveClass(Object(ReflectionParameter))
#12 C:\\D\\xampp\\htdocs\\TTTD_KTPM_Clone2\\vendor\\laravel\\framework\\src\\Illuminate\\Container\\Container.php(994): Illuminate\\Container\\Container->resolveDependencies(Array)
#13 C:\\D\\xampp\\htdocs\\TTTD_KTPM_Clone2\\vendor\\laravel\\framework\\src\\Illuminate\\Container\\Container.php(832): Illuminate\\Container\\Container->build('Spatie\\\\Response...')
#14 C:\\D\\xampp\\htdocs\\TTTD_KTPM_Clone2\\vendor\\laravel\\framework\\src\\Illuminate\\Foundation\\Application.php(1078): Illuminate\\Container\\Container->resolve('Spatie\\\\Response...', Array, true)
#15 C:\\D\\xampp\\htdocs\\TTTD_KTPM_Clone2\\vendor\\laravel\\framework\\src\\Illuminate\\Container\\Container.php(763): Illuminate\\Foundation\\Application->resolve('Spatie\\\\Response...', Array)
#16 C:\\D\\xampp\\htdocs\\TTTD_KTPM_Clone2\\vendor\\laravel\\framework\\src\\Illuminate\\Foundation\\Application.php(1058): Illuminate\\Container\\Container->make('Spatie\\\\Response...', Array)
#17 C:\\D\\xampp\\htdocs\\TTTD_KTPM_Clone2\\vendor\\laravel\\framework\\src\\Illuminate\\Container\\Container.php(1133): Illuminate\\Foundation\\Application->make('Spatie\\\\Response...')
#18 C:\\D\\xampp\\htdocs\\TTTD_KTPM_Clone2\\vendor\\laravel\\framework\\src\\Illuminate\\Container\\Container.php(1043): Illuminate\\Container\\Container->resolveClass(Object(ReflectionParameter))
#19 C:\\D\\xampp\\htdocs\\TTTD_KTPM_Clone2\\vendor\\laravel\\framework\\src\\Illuminate\\Container\\Container.php(994): Illuminate\\Container\\Container->resolveDependencies(Array)
#20 C:\\D\\xampp\\htdocs\\TTTD_KTPM_Clone2\\vendor\\laravel\\framework\\src\\Illuminate\\Container\\Container.php(832): Illuminate\\Container\\Container->build('Webkul\\\\Shop\\\\Htt...')
#21 C:\\D\\xampp\\htdocs\\TTTD_KTPM_Clone2\\vendor\\laravel\\framework\\src\\Illuminate\\Foundation\\Application.php(1078): Illuminate\\Container\\Container->resolve('Webkul\\\\Shop\\\\Htt...', Array, true)
#22 C:\\D\\xampp\\htdocs\\TTTD_KTPM_Clone2\\vendor\\laravel\\framework\\src\\Illuminate\\Container\\Container.php(763): Illuminate\\Foundation\\Application->resolve('Webkul\\\\Shop\\\\Htt...', Array)
#23 C:\\D\\xampp\\htdocs\\TTTD_KTPM_Clone2\\vendor\\laravel\\framework\\src\\Illuminate\\Foundation\\Application.php(1058): Illuminate\\Container\\Container->make('Webkul\\\\Shop\\\\Htt...', Array)
#24 C:\\D\\xampp\\htdocs\\TTTD_KTPM_Clone2\\vendor\\laravel\\framework\\src\\Illuminate\\Pipeline\\Pipeline.php(198): Illuminate\\Foundation\\Application->make('Webkul\\\\Shop\\\\Htt...')
#25 C:\\D\\xampp\\htdocs\\TTTD_KTPM_Clone2\\packages\\Webkul\\Core\\src\\Http\\Middleware\\PreventRequestsDuringMaintenance.php(109): Illuminate\\Pipeline\\Pipeline->Illuminate\\Pipeline\\{closure}(Object(Illuminate\\Http\\Request))
#26 C:\\D\\xampp\\htdocs\\TTTD_KTPM_Clone2\\vendor\\laravel\\framework\\src\\Illuminate\\Pipeline\\Pipeline.php(209): Webkul\\Core\\Http\\Middleware\\PreventRequestsDuringMaintenance->handle(Object(Illuminate\\Http\\Request), Object(Closure))
#27 C:\\D\\xampp\\htdocs\\TTTD_KTPM_Clone2\\packages\\Webkul\\Shop\\src\\Http\\Middleware\\Currency.php(40): Illuminate\\Pipeline\\Pipeline->Illuminate\\Pipeline\\{closure}(Object(Illuminate\\Http\\Request))
#28 C:\\D\\xampp\\htdocs\\TTTD_KTPM_Clone2\\vendor\\laravel\\framework\\src\\Illuminate\\Pipeline\\Pipeline.php(209): Webkul\\Shop\\Http\\Middleware\\Currency->handle(Object(Illuminate\\Http\\Request), Object(Closure))
#29 C:\\D\\xampp\\htdocs\\TTTD_KTPM_Clone2\\packages\\Webkul\\Shop\\src\\Http\\Middleware\\Locale.php(40): Illuminate\\Pipeline\\Pipeline->Illuminate\\Pipeline\\{closure}(Object(Illuminate\\Http\\Request))
#30 C:\\D\\xampp\\htdocs\\TTTD_KTPM_Clone2\\vendor\\laravel\\framework\\src\\Illuminate\\Pipeline\\Pipeline.php(209): Webkul\\Shop\\Http\\Middleware\\Locale->handle(Object(Illuminate\\Http\\Request), Object(Closure))
#31 C:\\D\\xampp\\htdocs\\TTTD_KTPM_Clone2\\packages\\Webkul\\Shop\\src\\Http\\Middleware\\Theme.php(32): Illuminate\\Pipeline\\Pipeline->Illuminate\\Pipeline\\{closure}(Object(Illuminate\\Http\\Request))
#32 C:\\D\\xampp\\htdocs\\TTTD_KTPM_Clone2\\vendor\\laravel\\framework\\src\\Illuminate\\Pipeline\\Pipeline.php(209): Webkul\\Shop\\Http\\Middleware\\Theme->handle(Object(Illuminate\\Http\\Request), Object(Closure))
#33 C:\\D\\xampp\\htdocs\\TTTD_KTPM_Clone2\\vendor\\barryvdh\\laravel-debugbar\\src\\Middleware\\InjectDebugbar.php(66): Illuminate\\Pipeline\\Pipeline->Illuminate\\Pipeline\\{closure}(Object(Illuminate\\Http\\Request))
#34 C:\\D\\xampp\\htdocs\\TTTD_KTPM_Clone2\\vendor\\laravel\\framework\\src\\Illuminate\\Pipeline\\Pipeline.php(209): Barryvdh\\Debugbar\\Middleware\\InjectDebugbar->handle(Object(Illuminate\\Http\\Request), Object(Closure))
#35 C:\\D\\xampp\\htdocs\\TTTD_KTPM_Clone2\\vendor\\laravel\\framework\\src\\Illuminate\\Routing\\Middleware\\SubstituteBindings.php(51): Illuminate\\Pipeline\\Pipeline->Illuminate\\Pipeline\\{closure}(Object(Illuminate\\Http\\Request))
#36 C:\\D\\xampp\\htdocs\\TTTD_KTPM_Clone2\\vendor\\laravel\\framework\\src\\Illuminate\\Pipeline\\Pipeline.php(209): Illuminate\\Routing\\Middleware\\SubstituteBindings->handle(Object(Illuminate\\Http\\Request), Object(Closure))
#37 C:\\D\\xampp\\htdocs\\TTTD_KTPM_Clone2\\vendor\\laravel\\framework\\src\\Illuminate\\Foundation\\Http\\Middleware\\VerifyCsrfToken.php(88): Illuminate\\Pipeline\\Pipeline->Illuminate\\Pipeline\\{closure}(Object(Illuminate\\Http\\Request))
#38 C:\\D\\xampp\\htdocs\\TTTD_KTPM_Clone2\\vendor\\laravel\\framework\\src\\Illuminate\\Pipeline\\Pipeline.php(209): Illuminate\\Foundation\\Http\\Middleware\\VerifyCsrfToken->handle(Object(Illuminate\\Http\\Request), Object(Closure))
#39 C:\\D\\xampp\\htdocs\\TTTD_KTPM_Clone2\\vendor\\laravel\\framework\\src\\Illuminate\\View\\Middleware\\ShareErrorsFromSession.php(49): Illuminate\\Pipeline\\Pipeline->Illuminate\\Pipeline\\{closure}(Object(Illuminate\\Http\\Request))
#40 C:\\D\\xampp\\htdocs\\TTTD_KTPM_Clone2\\vendor\\laravel\\framework\\src\\Illuminate\\Pipeline\\Pipeline.php(209): Illuminate\\View\\Middleware\\ShareErrorsFromSession->handle(Object(Illuminate\\Http\\Request), Object(Closure))
#41 C:\\D\\xampp\\htdocs\\TTTD_KTPM_Clone2\\vendor\\laravel\\framework\\src\\Illuminate\\Session\\Middleware\\StartSession.php(121): Illuminate\\Pipeline\\Pipeline->Illuminate\\Pipeline\\{closure}(Object(Illuminate\\Http\\Request))
#42 C:\\D\\xampp\\htdocs\\TTTD_KTPM_Clone2\\vendor\\laravel\\framework\\src\\Illuminate\\Session\\Middleware\\StartSession.php(64): Illuminate\\Session\\Middleware\\StartSession->handleStatefulRequest(Object(Illuminate\\Http\\Request), Object(Illuminate\\Session\\Store), Object(Closure))
#43 C:\\D\\xampp\\htdocs\\TTTD_KTPM_Clone2\\vendor\\laravel\\framework\\src\\Illuminate\\Pipeline\\Pipeline.php(209): Illuminate\\Session\\Middleware\\StartSession->handle(Object(Illuminate\\Http\\Request), Object(Closure))
#44 C:\\D\\xampp\\htdocs\\TTTD_KTPM_Clone2\\vendor\\laravel\\framework\\src\\Illuminate\\Cookie\\Middleware\\AddQueuedCookiesToResponse.php(37): Illuminate\\Pipeline\\Pipeline->Illuminate\\Pipeline\\{closure}(Object(Illuminate\\Http\\Request))
#45 C:\\D\\xampp\\htdocs\\TTTD_KTPM_Clone2\\vendor\\laravel\\framework\\src\\Illuminate\\Pipeline\\Pipeline.php(209): Illuminate\\Cookie\\Middleware\\AddQueuedCookiesToResponse->handle(Object(Illuminate\\Http\\Request), Object(Closure))
#46 C:\\D\\xampp\\htdocs\\TTTD_KTPM_Clone2\\vendor\\laravel\\framework\\src\\Illuminate\\Cookie\\Middleware\\EncryptCookies.php(75): Illuminate\\Pipeline\\Pipeline->Illuminate\\Pipeline\\{closure}(Object(Illuminate\\Http\\Request))
#47 C:\\D\\xampp\\htdocs\\TTTD_KTPM_Clone2\\vendor\\laravel\\framework\\src\\Illuminate\\Pipeline\\Pipeline.php(209): Illuminate\\Cookie\\Middleware\\EncryptCookies->handle(Object(Illuminate\\Http\\Request), Object(Closure))
#48 C:\\D\\xampp\\htdocs\\TTTD_KTPM_Clone2\\vendor\\laravel\\framework\\src\\Illuminate\\Pipeline\\Pipeline.php(127): Illuminate\\Pipeline\\Pipeline->Illuminate\\Pipeline\\{closure}(Object(Illuminate\\Http\\Request))
#49 C:\\D\\xampp\\htdocs\\TTTD_KTPM_Clone2\\vendor\\laravel\\framework\\src\\Illuminate\\Routing\\Router.php(807): Illuminate\\Pipeline\\Pipeline->then(Object(Closure))
#50 C:\\D\\xampp\\htdocs\\TTTD_KTPM_Clone2\\vendor\\laravel\\framework\\src\\Illuminate\\Routing\\Router.php(786): Illuminate\\Routing\\Router->runRouteWithinStack(Object(Illuminate\\Routing\\Route), Object(Illuminate\\Http\\Request))
#51 C:\\D\\xampp\\htdocs\\TTTD_KTPM_Clone2\\vendor\\laravel\\framework\\src\\Illuminate\\Routing\\Router.php(750): Illuminate\\Routing\\Router->runRoute(Object(Illuminate\\Http\\Request), Object(Illuminate\\Routing\\Route))
#52 C:\\D\\xampp\\htdocs\\TTTD_KTPM_Clone2\\vendor\\laravel\\framework\\src\\Illuminate\\Routing\\Router.php(739): Illuminate\\Routing\\Router->dispatchToRoute(Object(Illuminate\\Http\\Request))
#53 C:\\D\\xampp\\htdocs\\TTTD_KTPM_Clone2\\vendor\\laravel\\framework\\src\\Illuminate\\Foundation\\Http\\Kernel.php(201): Illuminate\\Routing\\Router->dispatch(Object(Illuminate\\Http\\Request))
#54 C:\\D\\xampp\\htdocs\\TTTD_KTPM_Clone2\\vendor\\laravel\\framework\\src\\Illuminate\\Pipeline\\Pipeline.php(170): Illuminate\\Foundation\\Http\\Kernel->Illuminate\\Foundation\\Http\\{closure}(Object(Illuminate\\Http\\Request))
#55 C:\\D\\xampp\\htdocs\\TTTD_KTPM_Clone2\\vendor\\barryvdh\\laravel-debugbar\\src\\Middleware\\InjectDebugbar.php(66): Illuminate\\Pipeline\\Pipeline->Illuminate\\Pipeline\\{closure}(Object(Illuminate\\Http\\Request))
#56 C:\\D\\xampp\\htdocs\\TTTD_KTPM_Clone2\\vendor\\laravel\\framework\\src\\Illuminate\\Pipeline\\Pipeline.php(209): Barryvdh\\Debugbar\\Middleware\\InjectDebugbar->handle(Object(Illuminate\\Http\\Request), Object(Closure))
#57 C:\\D\\xampp\\htdocs\\TTTD_KTPM_Clone2\\packages\\Webkul\\Installer\\src\\Http\\Middleware\\CanInstall.php(30): Illuminate\\Pipeline\\Pipeline->Illuminate\\Pipeline\\{closure}(Object(Illuminate\\Http\\Request))
#58 C:\\D\\xampp\\htdocs\\TTTD_KTPM_Clone2\\vendor\\laravel\\framework\\src\\Illuminate\\Pipeline\\Pipeline.php(209): Webkul\\Installer\\Http\\Middleware\\CanInstall->handle(Object(Illuminate\\Http\\Request), Object(Closure))
#59 C:\\D\\xampp\\htdocs\\TTTD_KTPM_Clone2\\packages\\Webkul\\Core\\src\\Http\\Middleware\\SecureHeaders.php(29): Illuminate\\Pipeline\\Pipeline->Illuminate\\Pipeline\\{closure}(Object(Illuminate\\Http\\Request))
#60 C:\\D\\xampp\\htdocs\\TTTD_KTPM_Clone2\\vendor\\laravel\\framework\\src\\Illuminate\\Pipeline\\Pipeline.php(209): Webkul\\Core\\Http\\Middleware\\SecureHeaders->handle(Object(Illuminate\\Http\\Request), Object(Closure))
#61 C:\\D\\xampp\\htdocs\\TTTD_KTPM_Clone2\\vendor\\laravel\\framework\\src\\Illuminate\\Foundation\\Http\\Middleware\\TransformsRequest.php(21): Illuminate\\Pipeline\\Pipeline->Illuminate\\Pipeline\\{closure}(Object(Illuminate\\Http\\Request))
#62 C:\\D\\xampp\\htdocs\\TTTD_KTPM_Clone2\\vendor\\laravel\\framework\\src\\Illuminate\\Foundation\\Http\\Middleware\\TrimStrings.php(51): Illuminate\\Foundation\\Http\\Middleware\\TransformsRequest->handle(Object(Illuminate\\Http\\Request), Object(Closure))
#63 C:\\D\\xampp\\htdocs\\TTTD_KTPM_Clone2\\vendor\\laravel\\framework\\src\\Illuminate\\Pipeline\\Pipeline.php(209): Illuminate\\Foundation\\Http\\Middleware\\TrimStrings->handle(Object(Illuminate\\Http\\Request), Object(Closure))
#64 C:\\D\\xampp\\htdocs\\TTTD_KTPM_Clone2\\vendor\\laravel\\framework\\src\\Illuminate\\Http\\Middleware\\ValidatePostSize.php(27): Illuminate\\Pipeline\\Pipeline->Illuminate\\Pipeline\\{closure}(Object(Illuminate\\Http\\Request))
#65 C:\\D\\xampp\\htdocs\\TTTD_KTPM_Clone2\\vendor\\laravel\\framework\\src\\Illuminate\\Pipeline\\Pipeline.php(209): Illuminate\\Http\\Middleware\\ValidatePostSize->handle(Object(Illuminate\\Http\\Request), Object(Closure))
#66 C:\\D\\xampp\\htdocs\\TTTD_KTPM_Clone2\\vendor\\laravel\\framework\\src\\Illuminate\\Http\\Middleware\\HandleCors.php(49): Illuminate\\Pipeline\\Pipeline->Illuminate\\Pipeline\\{closure}(Object(Illuminate\\Http\\Request))
#67 C:\\D\\xampp\\htdocs\\TTTD_KTPM_Clone2\\vendor\\laravel\\framework\\src\\Illuminate\\Pipeline\\Pipeline.php(209): Illuminate\\Http\\Middleware\\HandleCors->handle(Object(Illuminate\\Http\\Request), Object(Closure))
#68 C:\\D\\xampp\\htdocs\\TTTD_KTPM_Clone2\\vendor\\laravel\\framework\\src\\Illuminate\\Http\\Middleware\\TrustProxies.php(58): Illuminate\\Pipeline\\Pipeline->Illuminate\\Pipeline\\{closure}(Object(Illuminate\\Http\\Request))
#69 C:\\D\\xampp\\htdocs\\TTTD_KTPM_Clone2\\vendor\\laravel\\framework\\src\\Illuminate\\Pipeline\\Pipeline.php(209): Illuminate\\Http\\Middleware\\TrustProxies->handle(Object(Illuminate\\Http\\Request), Object(Closure))
#70 C:\\D\\xampp\\htdocs\\TTTD_KTPM_Clone2\\vendor\\laravel\\framework\\src\\Illuminate\\Foundation\\Http\\Middleware\\InvokeDeferredCallbacks.php(22): Illuminate\\Pipeline\\Pipeline->Illuminate\\Pipeline\\{closure}(Object(Illuminate\\Http\\Request))
#71 C:\\D\\xampp\\htdocs\\TTTD_KTPM_Clone2\\vendor\\laravel\\framework\\src\\Illuminate\\Pipeline\\Pipeline.php(209): Illuminate\\Foundation\\Http\\Middleware\\InvokeDeferredCallbacks->handle(Object(Illuminate\\Http\\Request), Object(Closure))
#72 C:\\D\\xampp\\htdocs\\TTTD_KTPM_Clone2\\vendor\\laravel\\framework\\src\\Illuminate\\Pipeline\\Pipeline.php(127): Illuminate\\Pipeline\\Pipeline->Illuminate\\Pipeline\\{closure}(Object(Illuminate\\Http\\Request))
#73 C:\\D\\xampp\\htdocs\\TTTD_KTPM_Clone2\\vendor\\laravel\\framework\\src\\Illuminate\\Foundation\\Http\\Kernel.php(176): Illuminate\\Pipeline\\Pipeline->then(Object(Closure))
#74 C:\\D\\xampp\\htdocs\\TTTD_KTPM_Clone2\\vendor\\laravel\\framework\\src\\Illuminate\\Foundation\\Http\\Kernel.php(145): Illuminate\\Foundation\\Http\\Kernel->sendRequestThroughRouter(Object(Illuminate\\Http\\Request))
#75 C:\\D\\xampp\\htdocs\\TTTD_KTPM_Clone2\\public\\index.php(51): Illuminate\\Foundation\\Http\\Kernel->handle(Object(Illuminate\\Http\\Request))
#76 C:\\D\\xampp\\htdocs\\TTTD_KTPM_Clone2\\vendor\\laravel\\framework\\src\\Illuminate\\Foundation\\resources\\server.php(23): require_once('C:\\\\D\\\\xampp\\\\htdo...')
#77 {main}

[previous exception] [object] (ReflectionException(code: -1): Class \"Webkul\\FPC\\Hasher\\DefaultHasher\" does not exist at C:\\D\\xampp\\htdocs\\TTTD_KTPM_Clone2\\vendor\\laravel\\framework\\src\\Illuminate\\Container\\Container.php:959)
[stacktrace]
#0 C:\\D\\xampp\\htdocs\\TTTD_KTPM_Clone2\\vendor\\laravel\\framework\\src\\Illuminate\\Container\\Container.php(959): ReflectionClass->__construct('Webkul\\\\FPC\\\\Hash...')
#1 C:\\D\\xampp\\htdocs\\TTTD_KTPM_Clone2\\vendor\\laravel\\framework\\src\\Illuminate\\Container\\Container.php(832): Illuminate\\Container\\Container->build('Webkul\\\\FPC\\\\Hash...')
#2 C:\\D\\xampp\\htdocs\\TTTD_KTPM_Clone2\\vendor\\laravel\\framework\\src\\Illuminate\\Foundation\\Application.php(1078): Illuminate\\Container\\Container->resolve('Webkul\\\\FPC\\\\Hash...', Array, true)
#3 C:\\D\\xampp\\htdocs\\TTTD_KTPM_Clone2\\vendor\\laravel\\framework\\src\\Illuminate\\Container\\Container.php(763): Illuminate\\Foundation\\Application->resolve('Webkul\\\\FPC\\\\Hash...', Array)
#4 C:\\D\\xampp\\htdocs\\TTTD_KTPM_Clone2\\vendor\\laravel\\framework\\src\\Illuminate\\Foundation\\Application.php(1058): Illuminate\\Container\\Container->make('Webkul\\\\FPC\\\\Hash...', Array)
#5 C:\\D\\xampp\\htdocs\\TTTD_KTPM_Clone2\\vendor\\spatie\\laravel-responsecache\\src\\ResponseCacheServiceProvider.php(33): Illuminate\\Foundation\\Application->make('Webkul\\\\FPC\\\\Hash...')
#6 C:\\D\\xampp\\htdocs\\TTTD_KTPM_Clone2\\vendor\\laravel\\framework\\src\\Illuminate\\Container\\Container.php(952): Spatie\\ResponseCache\\ResponseCacheServiceProvider->Spatie\\ResponseCache\\{closure}(Object(Illuminate\\Foundation\\Application), Array)
#7 C:\\D\\xampp\\htdocs\\TTTD_KTPM_Clone2\\vendor\\laravel\\framework\\src\\Illuminate\\Container\\Container.php(832): Illuminate\\Container\\Container->build(Object(Closure))
#8 C:\\D\\xampp\\htdocs\\TTTD_KTPM_Clone2\\vendor\\laravel\\framework\\src\\Illuminate\\Foundation\\Application.php(1078): Illuminate\\Container\\Container->resolve('Spatie\\\\Response...', Array, true)
#9 C:\\D\\xampp\\htdocs\\TTTD_KTPM_Clone2\\vendor\\laravel\\framework\\src\\Illuminate\\Container\\Container.php(763): Illuminate\\Foundation\\Application->resolve('Spatie\\\\Response...', Array)
#10 C:\\D\\xampp\\htdocs\\TTTD_KTPM_Clone2\\vendor\\laravel\\framework\\src\\Illuminate\\Foundation\\Application.php(1058): Illuminate\\Container\\Container->make('Spatie\\\\Response...', Array)
#11 C:\\D\\xampp\\htdocs\\TTTD_KTPM_Clone2\\vendor\\laravel\\framework\\src\\Illuminate\\Container\\Container.php(1133): Illuminate\\Foundation\\Application->make('Spatie\\\\Response...')
#12 C:\\D\\xampp\\htdocs\\TTTD_KTPM_Clone2\\vendor\\laravel\\framework\\src\\Illuminate\\Container\\Container.php(1043): Illuminate\\Container\\Container->resolveClass(Object(ReflectionParameter))
#13 C:\\D\\xampp\\htdocs\\TTTD_KTPM_Clone2\\vendor\\laravel\\framework\\src\\Illuminate\\Container\\Container.php(994): Illuminate\\Container\\Container->resolveDependencies(Array)
#14 C:\\D\\xampp\\htdocs\\TTTD_KTPM_Clone2\\vendor\\laravel\\framework\\src\\Illuminate\\Container\\Container.php(832): Illuminate\\Container\\Container->build('Spatie\\\\Response...')
#15 C:\\D\\xampp\\htdocs\\TTTD_KTPM_Clone2\\vendor\\laravel\\framework\\src\\Illuminate\\Foundation\\Application.php(1078): Illuminate\\Container\\Container->resolve('Spatie\\\\Response...', Array, true)
#16 C:\\D\\xampp\\htdocs\\TTTD_KTPM_Clone2\\vendor\\laravel\\framework\\src\\Illuminate\\Container\\Container.php(763): Illuminate\\Foundation\\Application->resolve('Spatie\\\\Response...', Array)
#17 C:\\D\\xampp\\htdocs\\TTTD_KTPM_Clone2\\vendor\\laravel\\framework\\src\\Illuminate\\Foundation\\Application.php(1058): Illuminate\\Container\\Container->make('Spatie\\\\Response...', Array)
#18 C:\\D\\xampp\\htdocs\\TTTD_KTPM_Clone2\\vendor\\laravel\\framework\\src\\Illuminate\\Container\\Container.php(1133): Illuminate\\Foundation\\Application->make('Spatie\\\\Response...')
#19 C:\\D\\xampp\\htdocs\\TTTD_KTPM_Clone2\\vendor\\laravel\\framework\\src\\Illuminate\\Container\\Container.php(1043): Illuminate\\Container\\Container->resolveClass(Object(ReflectionParameter))
#20 C:\\D\\xampp\\htdocs\\TTTD_KTPM_Clone2\\vendor\\laravel\\framework\\src\\Illuminate\\Container\\Container.php(994): Illuminate\\Container\\Container->resolveDependencies(Array)
#21 C:\\D\\xampp\\htdocs\\TTTD_KTPM_Clone2\\vendor\\laravel\\framework\\src\\Illuminate\\Container\\Container.php(832): Illuminate\\Container\\Container->build('Webkul\\\\Shop\\\\Htt...')
#22 C:\\D\\xampp\\htdocs\\TTTD_KTPM_Clone2\\vendor\\laravel\\framework\\src\\Illuminate\\Foundation\\Application.php(1078): Illuminate\\Container\\Container->resolve('Webkul\\\\Shop\\\\Htt...', Array, true)
#23 C:\\D\\xampp\\htdocs\\TTTD_KTPM_Clone2\\vendor\\laravel\\framework\\src\\Illuminate\\Container\\Container.php(763): Illuminate\\Foundation\\Application->resolve('Webkul\\\\Shop\\\\Htt...', Array)
#24 C:\\D\\xampp\\htdocs\\TTTD_KTPM_Clone2\\vendor\\laravel\\framework\\src\\Illuminate\\Foundation\\Application.php(1058): Illuminate\\Container\\Container->make('Webkul\\\\Shop\\\\Htt...', Array)
#25 C:\\D\\xampp\\htdocs\\TTTD_KTPM_Clone2\\vendor\\laravel\\framework\\src\\Illuminate\\Pipeline\\Pipeline.php(198): Illuminate\\Foundation\\Application->make('Webkul\\\\Shop\\\\Htt...')
#26 C:\\D\\xampp\\htdocs\\TTTD_KTPM_Clone2\\packages\\Webkul\\Core\\src\\Http\\Middleware\\PreventRequestsDuringMaintenance.php(109): Illuminate\\Pipeline\\Pipeline->Illuminate\\Pipeline\\{closure}(Object(Illuminate\\Http\\Request))
#27 C:\\D\\xampp\\htdocs\\TTTD_KTPM_Clone2\\vendor\\laravel\\framework\\src\\Illuminate\\Pipeline\\Pipeline.php(209): Webkul\\Core\\Http\\Middleware\\PreventRequestsDuringMaintenance->handle(Object(Illuminate\\Http\\Request), Object(Closure))
#28 C:\\D\\xampp\\htdocs\\TTTD_KTPM_Clone2\\packages\\Webkul\\Shop\\src\\Http\\Middleware\\Currency.php(40): Illuminate\\Pipeline\\Pipeline->Illuminate\\Pipeline\\{closure}(Object(Illuminate\\Http\\Request))
#29 C:\\D\\xampp\\htdocs\\TTTD_KTPM_Clone2\\vendor\\laravel\\framework\\src\\Illuminate\\Pipeline\\Pipeline.php(209): Webkul\\Shop\\Http\\Middleware\\Currency->handle(Object(Illuminate\\Http\\Request), Object(Closure))
#30 C:\\D\\xampp\\htdocs\\TTTD_KTPM_Clone2\\packages\\Webkul\\Shop\\src\\Http\\Middleware\\Locale.php(40): Illuminate\\Pipeline\\Pipeline->Illuminate\\Pipeline\\{closure}(Object(Illuminate\\Http\\Request))
#31 C:\\D\\xampp\\htdocs\\TTTD_KTPM_Clone2\\vendor\\laravel\\framework\\src\\Illuminate\\Pipeline\\Pipeline.php(209): Webkul\\Shop\\Http\\Middleware\\Locale->handle(Object(Illuminate\\Http\\Request), Object(Closure))
#32 C:\\D\\xampp\\htdocs\\TTTD_KTPM_Clone2\\packages\\Webkul\\Shop\\src\\Http\\Middleware\\Theme.php(32): Illuminate\\Pipeline\\Pipeline->Illuminate\\Pipeline\\{closure}(Object(Illuminate\\Http\\Request))
#33 C:\\D\\xampp\\htdocs\\TTTD_KTPM_Clone2\\vendor\\laravel\\framework\\src\\Illuminate\\Pipeline\\Pipeline.php(209): Webkul\\Shop\\Http\\Middleware\\Theme->handle(Object(Illuminate\\Http\\Request), Object(Closure))
#34 C:\\D\\xampp\\htdocs\\TTTD_KTPM_Clone2\\vendor\\barryvdh\\laravel-debugbar\\src\\Middleware\\InjectDebugbar.php(66): Illuminate\\Pipeline\\Pipeline->Illuminate\\Pipeline\\{closure}(Object(Illuminate\\Http\\Request))
#35 C:\\D\\xampp\\htdocs\\TTTD_KTPM_Clone2\\vendor\\laravel\\framework\\src\\Illuminate\\Pipeline\\Pipeline.php(209): Barryvdh\\Debugbar\\Middleware\\InjectDebugbar->handle(Object(Illuminate\\Http\\Request), Object(Closure))
#36 C:\\D\\xampp\\htdocs\\TTTD_KTPM_Clone2\\vendor\\laravel\\framework\\src\\Illuminate\\Routing\\Middleware\\SubstituteBindings.php(51): Illuminate\\Pipeline\\Pipeline->Illuminate\\Pipeline\\{closure}(Object(Illuminate\\Http\\Request))
#37 C:\\D\\xampp\\htdocs\\TTTD_KTPM_Clone2\\vendor\\laravel\\framework\\src\\Illuminate\\Pipeline\\Pipeline.php(209): Illuminate\\Routing\\Middleware\\SubstituteBindings->handle(Object(Illuminate\\Http\\Request), Object(Closure))
#38 C:\\D\\xampp\\htdocs\\TTTD_KTPM_Clone2\\vendor\\laravel\\framework\\src\\Illuminate\\Foundation\\Http\\Middleware\\VerifyCsrfToken.php(88): Illuminate\\Pipeline\\Pipeline->Illuminate\\Pipeline\\{closure}(Object(Illuminate\\Http\\Request))
#39 C:\\D\\xampp\\htdocs\\TTTD_KTPM_Clone2\\vendor\\laravel\\framework\\src\\Illuminate\\Pipeline\\Pipeline.php(209): Illuminate\\Foundation\\Http\\Middleware\\VerifyCsrfToken->handle(Object(Illuminate\\Http\\Request), Object(Closure))
#40 C:\\D\\xampp\\htdocs\\TTTD_KTPM_Clone2\\vendor\\laravel\\framework\\src\\Illuminate\\View\\Middleware\\ShareErrorsFromSession.php(49): Illuminate\\Pipeline\\Pipeline->Illuminate\\Pipeline\\{closure}(Object(Illuminate\\Http\\Request))
#41 C:\\D\\xampp\\htdocs\\TTTD_KTPM_Clone2\\vendor\\laravel\\framework\\src\\Illuminate\\Pipeline\\Pipeline.php(209): Illuminate\\View\\Middleware\\ShareErrorsFromSession->handle(Object(Illuminate\\Http\\Request), Object(Closure))
#42 C:\\D\\xampp\\htdocs\\TTTD_KTPM_Clone2\\vendor\\laravel\\framework\\src\\Illuminate\\Session\\Middleware\\StartSession.php(121): Illuminate\\Pipeline\\Pipeline->Illuminate\\Pipeline\\{closure}(Object(Illuminate\\Http\\Request))
#43 C:\\D\\xampp\\htdocs\\TTTD_KTPM_Clone2\\vendor\\laravel\\framework\\src\\Illuminate\\Session\\Middleware\\StartSession.php(64): Illuminate\\Session\\Middleware\\StartSession->handleStatefulRequest(Object(Illuminate\\Http\\Request), Object(Illuminate\\Session\\Store), Object(Closure))
#44 C:\\D\\xampp\\htdocs\\TTTD_KTPM_Clone2\\vendor\\laravel\\framework\\src\\Illuminate\\Pipeline\\Pipeline.php(209): Illuminate\\Session\\Middleware\\StartSession->handle(Object(Illuminate\\Http\\Request), Object(Closure))
#45 C:\\D\\xampp\\htdocs\\TTTD_KTPM_Clone2\\vendor\\laravel\\framework\\src\\Illuminate\\Cookie\\Middleware\\AddQueuedCookiesToResponse.php(37): Illuminate\\Pipeline\\Pipeline->Illuminate\\Pipeline\\{closure}(Object(Illuminate\\Http\\Request))
#46 C:\\D\\xampp\\htdocs\\TTTD_KTPM_Clone2\\vendor\\laravel\\framework\\src\\Illuminate\\Pipeline\\Pipeline.php(209): Illuminate\\Cookie\\Middleware\\AddQueuedCookiesToResponse->handle(Object(Illuminate\\Http\\Request), Object(Closure))
#47 C:\\D\\xampp\\htdocs\\TTTD_KTPM_Clone2\\vendor\\laravel\\framework\\src\\Illuminate\\Cookie\\Middleware\\EncryptCookies.php(75): Illuminate\\Pipeline\\Pipeline->Illuminate\\Pipeline\\{closure}(Object(Illuminate\\Http\\Request))
#48 C:\\D\\xampp\\htdocs\\TTTD_KTPM_Clone2\\vendor\\laravel\\framework\\src\\Illuminate\\Pipeline\\Pipeline.php(209): Illuminate\\Cookie\\Middleware\\EncryptCookies->handle(Object(Illuminate\\Http\\Request), Object(Closure))
#49 C:\\D\\xampp\\htdocs\\TTTD_KTPM_Clone2\\vendor\\laravel\\framework\\src\\Illuminate\\Pipeline\\Pipeline.php(127): Illuminate\\Pipeline\\Pipeline->Illuminate\\Pipeline\\{closure}(Object(Illuminate\\Http\\Request))
#50 C:\\D\\xampp\\htdocs\\TTTD_KTPM_Clone2\\vendor\\laravel\\framework\\src\\Illuminate\\Routing\\Router.php(807): Illuminate\\Pipeline\\Pipeline->then(Object(Closure))
#51 C:\\D\\xampp\\htdocs\\TTTD_KTPM_Clone2\\vendor\\laravel\\framework\\src\\Illuminate\\Routing\\Router.php(786): Illuminate\\Routing\\Router->runRouteWithinStack(Object(Illuminate\\Routing\\Route), Object(Illuminate\\Http\\Request))
#52 C:\\D\\xampp\\htdocs\\TTTD_KTPM_Clone2\\vendor\\laravel\\framework\\src\\Illuminate\\Routing\\Router.php(750): Illuminate\\Routing\\Router->runRoute(Object(Illuminate\\Http\\Request), Object(Illuminate\\Routing\\Route))
#53 C:\\D\\xampp\\htdocs\\TTTD_KTPM_Clone2\\vendor\\laravel\\framework\\src\\Illuminate\\Routing\\Router.php(739): Illuminate\\Routing\\Router->dispatchToRoute(Object(Illuminate\\Http\\Request))
#54 C:\\D\\xampp\\htdocs\\TTTD_KTPM_Clone2\\vendor\\laravel\\framework\\src\\Illuminate\\Foundation\\Http\\Kernel.php(201): Illuminate\\Routing\\Router->dispatch(Object(Illuminate\\Http\\Request))
#55 C:\\D\\xampp\\htdocs\\TTTD_KTPM_Clone2\\vendor\\laravel\\framework\\src\\Illuminate\\Pipeline\\Pipeline.php(170): Illuminate\\Foundation\\Http\\Kernel->Illuminate\\Foundation\\Http\\{closure}(Object(Illuminate\\Http\\Request))
#56 C:\\D\\xampp\\htdocs\\TTTD_KTPM_Clone2\\vendor\\barryvdh\\laravel-debugbar\\src\\Middleware\\InjectDebugbar.php(66): Illuminate\\Pipeline\\Pipeline->Illuminate\\Pipeline\\{closure}(Object(Illuminate\\Http\\Request))
#57 C:\\D\\xampp\\htdocs\\TTTD_KTPM_Clone2\\vendor\\laravel\\framework\\src\\Illuminate\\Pipeline\\Pipeline.php(209): Barryvdh\\Debugbar\\Middleware\\InjectDebugbar->handle(Object(Illuminate\\Http\\Request), Object(Closure))
#58 C:\\D\\xampp\\htdocs\\TTTD_KTPM_Clone2\\packages\\Webkul\\Installer\\src\\Http\\Middleware\\CanInstall.php(30): Illuminate\\Pipeline\\Pipeline->Illuminate\\Pipeline\\{closure}(Object(Illuminate\\Http\\Request))
#59 C:\\D\\xampp\\htdocs\\TTTD_KTPM_Clone2\\vendor\\laravel\\framework\\src\\Illuminate\\Pipeline\\Pipeline.php(209): Webkul\\Installer\\Http\\Middleware\\CanInstall->handle(Object(Illuminate\\Http\\Request), Object(Closure))
#60 C:\\D\\xampp\\htdocs\\TTTD_KTPM_Clone2\\packages\\Webkul\\Core\\src\\Http\\Middleware\\SecureHeaders.php(29): Illuminate\\Pipeline\\Pipeline->Illuminate\\Pipeline\\{closure}(Object(Illuminate\\Http\\Request))
#61 C:\\D\\xampp\\htdocs\\TTTD_KTPM_Clone2\\vendor\\laravel\\framework\\src\\Illuminate\\Pipeline\\Pipeline.php(209): Webkul\\Core\\Http\\Middleware\\SecureHeaders->handle(Object(Illuminate\\Http\\Request), Object(Closure))
#62 C:\\D\\xampp\\htdocs\\TTTD_KTPM_Clone2\\vendor\\laravel\\framework\\src\\Illuminate\\Foundation\\Http\\Middleware\\TransformsRequest.php(21): Illuminate\\Pipeline\\Pipeline->Illuminate\\Pipeline\\{closure}(Object(Illuminate\\Http\\Request))
#63 C:\\D\\xampp\\htdocs\\TTTD_KTPM_Clone2\\vendor\\laravel\\framework\\src\\Illuminate\\Foundation\\Http\\Middleware\\TrimStrings.php(51): Illuminate\\Foundation\\Http\\Middleware\\TransformsRequest->handle(Object(Illuminate\\Http\\Request), Object(Closure))
#64 C:\\D\\xampp\\htdocs\\TTTD_KTPM_Clone2\\vendor\\laravel\\framework\\src\\Illuminate\\Pipeline\\Pipeline.php(209): Illuminate\\Foundation\\Http\\Middleware\\TrimStrings->handle(Object(Illuminate\\Http\\Request), Object(Closure))
#65 C:\\D\\xampp\\htdocs\\TTTD_KTPM_Clone2\\vendor\\laravel\\framework\\src\\Illuminate\\Http\\Middleware\\ValidatePostSize.php(27): Illuminate\\Pipeline\\Pipeline->Illuminate\\Pipeline\\{closure}(Object(Illuminate\\Http\\Request))
#66 C:\\D\\xampp\\htdocs\\TTTD_KTPM_Clone2\\vendor\\laravel\\framework\\src\\Illuminate\\Pipeline\\Pipeline.php(209): Illuminate\\Http\\Middleware\\ValidatePostSize->handle(Object(Illuminate\\Http\\Request), Object(Closure))
#67 C:\\D\\xampp\\htdocs\\TTTD_KTPM_Clone2\\vendor\\laravel\\framework\\src\\Illuminate\\Http\\Middleware\\HandleCors.php(49): Illuminate\\Pipeline\\Pipeline->Illuminate\\Pipeline\\{closure}(Object(Illuminate\\Http\\Request))
#68 C:\\D\\xampp\\htdocs\\TTTD_KTPM_Clone2\\vendor\\laravel\\framework\\src\\Illuminate\\Pipeline\\Pipeline.php(209): Illuminate\\Http\\Middleware\\HandleCors->handle(Object(Illuminate\\Http\\Request), Object(Closure))
#69 C:\\D\\xampp\\htdocs\\TTTD_KTPM_Clone2\\vendor\\laravel\\framework\\src\\Illuminate\\Http\\Middleware\\TrustProxies.php(58): Illuminate\\Pipeline\\Pipeline->Illuminate\\Pipeline\\{closure}(Object(Illuminate\\Http\\Request))
#70 C:\\D\\xampp\\htdocs\\TTTD_KTPM_Clone2\\vendor\\laravel\\framework\\src\\Illuminate\\Pipeline\\Pipeline.php(209): Illuminate\\Http\\Middleware\\TrustProxies->handle(Object(Illuminate\\Http\\Request), Object(Closure))
#71 C:\\D\\xampp\\htdocs\\TTTD_KTPM_Clone2\\vendor\\laravel\\framework\\src\\Illuminate\\Foundation\\Http\\Middleware\\InvokeDeferredCallbacks.php(22): Illuminate\\Pipeline\\Pipeline->Illuminate\\Pipeline\\{closure}(Object(Illuminate\\Http\\Request))
#72 C:\\D\\xampp\\htdocs\\TTTD_KTPM_Clone2\\vendor\\laravel\\framework\\src\\Illuminate\\Pipeline\\Pipeline.php(209): Illuminate\\Foundation\\Http\\Middleware\\InvokeDeferredCallbacks->handle(Object(Illuminate\\Http\\Request), Object(Closure))
#73 C:\\D\\xampp\\htdocs\\TTTD_KTPM_Clone2\\vendor\\laravel\\framework\\src\\Illuminate\\Pipeline\\Pipeline.php(127): Illuminate\\Pipeline\\Pipeline->Illuminate\\Pipeline\\{closure}(Object(Illuminate\\Http\\Request))
#74 C:\\D\\xampp\\htdocs\\TTTD_KTPM_Clone2\\vendor\\laravel\\framework\\src\\Illuminate\\Foundation\\Http\\Kernel.php(176): Illuminate\\Pipeline\\Pipeline->then(Object(Closure))
#75 C:\\D\\xampp\\htdocs\\TTTD_KTPM_Clone2\\vendor\\laravel\\framework\\src\\Illuminate\\Foundation\\Http\\Kernel.php(145): Illuminate\\Foundation\\Http\\Kernel->sendRequestThroughRouter(Object(Illuminate\\Http\\Request))
#76 C:\\D\\xampp\\htdocs\\TTTD_KTPM_Clone2\\public\\index.php(51): Illuminate\\Foundation\\Http\\Kernel->handle(Object(Illuminate\\Http\\Request))
#77 C:\\D\\xampp\\htdocs\\TTTD_KTPM_Clone2\\vendor\\laravel\\framework\\src\\Illuminate\\Foundation\\resources\\server.php(23): require_once('C:\\\\D\\\\xampp\\\\htdo...')
#78 {main}
"} 
[2025-12-07 16:12:48] local.ERROR: Target class [Webkul\FPC\Hasher\DefaultHasher] does not exist. {"exception":"[object] (Illuminate\\Contracts\\Container\\BindingResolutionException(code: 0): Target class [Webkul\\FPC\\Hasher\\DefaultHasher] does not exist. at C:\\D\\xampp\\htdocs\\TTTD_KTPM_Clone2\\vendor\\laravel\\framework\\src\\Illuminate\\Container\\Container.php:961)
[stacktrace]
#0 C:\\D\\xampp\\htdocs\\TTTD_KTPM_Clone2\\vendor\\laravel\\framework\\src\\Illuminate\\Container\\Container.php(832): Illuminate\\Container\\Container->build('Webkul\\\\FPC\\\\Hash...')
#1 C:\\D\\xampp\\htdocs\\TTTD_KTPM_Clone2\\vendor\\laravel\\framework\\src\\Illuminate\\Foundation\\Application.php(1078): Illuminate\\Container\\Container->resolve('Webkul\\\\FPC\\\\Hash...', Array, true)
#2 C:\\D\\xampp\\htdocs\\TTTD_KTPM_Clone2\\vendor\\laravel\\framework\\src\\Illuminate\\Container\\Container.php(763): Illuminate\\Foundation\\Application->resolve('Webkul\\\\FPC\\\\Hash...', Array)
#3 C:\\D\\xampp\\htdocs\\TTTD_KTPM_Clone2\\vendor\\laravel\\framework\\src\\Illuminate\\Foundation\\Application.php(1058): Illuminate\\Container\\Container->make('Webkul\\\\FPC\\\\Hash...', Array)
#4 C:\\D\\xampp\\htdocs\\TTTD_KTPM_Clone2\\vendor\\spatie\\laravel-responsecache\\src\\ResponseCacheServiceProvider.php(33): Illuminate\\Foundation\\Application->make('Webkul\\\\FPC\\\\Hash...')
#5 C:\\D\\xampp\\htdocs\\TTTD_KTPM_Clone2\\vendor\\laravel\\framework\\src\\Illuminate\\Container\\Container.php(952): Spatie\\ResponseCache\\ResponseCacheServiceProvider->Spatie\\ResponseCache\\{closure}(Object(Illuminate\\Foundation\\Application), Array)
#6 C:\\D\\xampp\\htdocs\\TTTD_KTPM_Clone2\\vendor\\laravel\\framework\\src\\Illuminate\\Container\\Container.php(832): Illuminate\\Container\\Container->build(Object(Closure))
#7 C:\\D\\xampp\\htdocs\\TTTD_KTPM_Clone2\\vendor\\laravel\\framework\\src\\Illuminate\\Foundation\\Application.php(1078): Illuminate\\Container\\Container->resolve('Spatie\\\\Response...', Array, true)
#8 C:\\D\\xampp\\htdocs\\TTTD_KTPM_Clone2\\vendor\\laravel\\framework\\src\\Illuminate\\Container\\Container.php(763): Illuminate\\Foundation\\Application->resolve('Spatie\\\\Response...', Array)
#9 C:\\D\\xampp\\htdocs\\TTTD_KTPM_Clone2\\vendor\\laravel\\framework\\src\\Illuminate\\Foundation\\Application.php(1058): Illuminate\\Container\\Container->make('Spatie\\\\Response...', Array)
#10 C:\\D\\xampp\\htdocs\\TTTD_KTPM_Clone2\\vendor\\laravel\\framework\\src\\Illuminate\\Container\\Container.php(1133): Illuminate\\Foundation\\Application->make('Spatie\\\\Response...')
#11 C:\\D\\xampp\\htdocs\\TTTD_KTPM_Clone2\\vendor\\laravel\\framework\\src\\Illuminate\\Container\\Container.php(1043): Illuminate\\Container\\Container->resolveClass(Object(ReflectionParameter))
#12 C:\\D\\xampp\\htdocs\\TTTD_KTPM_Clone2\\vendor\\laravel\\framework\\src\\Illuminate\\Container\\Container.php(994): Illuminate\\Container\\Container->resolveDependencies(Array)
#13 C:\\D\\xampp\\htdocs\\TTTD_KTPM_Clone2\\vendor\\laravel\\framework\\src\\Illuminate\\Container\\Container.php(832): Illuminate\\Container\\Container->build('Spatie\\\\Response...')
#14 C:\\D\\xampp\\htdocs\\TTTD_KTPM_Clone2\\vendor\\laravel\\framework\\src\\Illuminate\\Foundation\\Application.php(1078): Illuminate\\Container\\Container->resolve('Spatie\\\\Response...', Array, true)
#15 C:\\D\\xampp\\htdocs\\TTTD_KTPM_Clone2\\vendor\\laravel\\framework\\src\\Illuminate\\Container\\Container.php(763): Illuminate\\Foundation\\Application->resolve('Spatie\\\\Response...', Array)
#16 C:\\D\\xampp\\htdocs\\TTTD_KTPM_Clone2\\vendor\\laravel\\framework\\src\\Illuminate\\Foundation\\Application.php(1058): Illuminate\\Container\\Container->make('Spatie\\\\Response...', Array)
#17 C:\\D\\xampp\\htdocs\\TTTD_KTPM_Clone2\\vendor\\laravel\\framework\\src\\Illuminate\\Container\\Container.php(1133): Illuminate\\Foundation\\Application->make('Spatie\\\\Response...')
#18 C:\\D\\xampp\\htdocs\\TTTD_KTPM_Clone2\\vendor\\laravel\\framework\\src\\Illuminate\\Container\\Container.php(1043): Illuminate\\Container\\Container->resolveClass(Object(ReflectionParameter))
#19 C:\\D\\xampp\\htdocs\\TTTD_KTPM_Clone2\\vendor\\laravel\\framework\\src\\Illuminate\\Container\\Container.php(994): Illuminate\\Container\\Container->resolveDependencies(Array)
#20 C:\\D\\xampp\\htdocs\\TTTD_KTPM_Clone2\\vendor\\laravel\\framework\\src\\Illuminate\\Container\\Container.php(832): Illuminate\\Container\\Container->build('Webkul\\\\Shop\\\\Htt...')
#21 C:\\D\\xampp\\htdocs\\TTTD_KTPM_Clone2\\vendor\\laravel\\framework\\src\\Illuminate\\Foundation\\Application.php(1078): Illuminate\\Container\\Container->resolve('Webkul\\\\Shop\\\\Htt...', Array, true)
#22 C:\\D\\xampp\\htdocs\\TTTD_KTPM_Clone2\\vendor\\laravel\\framework\\src\\Illuminate\\Container\\Container.php(763): Illuminate\\Foundation\\Application->resolve('Webkul\\\\Shop\\\\Htt...', Array)
#23 C:\\D\\xampp\\htdocs\\TTTD_KTPM_Clone2\\vendor\\laravel\\framework\\src\\Illuminate\\Foundation\\Application.php(1058): Illuminate\\Container\\Container->make('Webkul\\\\Shop\\\\Htt...', Array)
#24 C:\\D\\xampp\\htdocs\\TTTD_KTPM_Clone2\\vendor\\laravel\\framework\\src\\Illuminate\\Foundation\\Http\\Kernel.php(258): Illuminate\\Foundation\\Application->make('Webkul\\\\Shop\\\\Htt...')
#25 C:\\D\\xampp\\htdocs\\TTTD_KTPM_Clone2\\vendor\\laravel\\framework\\src\\Illuminate\\Foundation\\Http\\Kernel.php(216): Illuminate\\Foundation\\Http\\Kernel->terminateMiddleware(Object(Illuminate\\Http\\Request), Object(Illuminate\\Http\\Response))
#26 C:\\D\\xampp\\htdocs\\TTTD_KTPM_Clone2\\public\\index.php(55): Illuminate\\Foundation\\Http\\Kernel->terminate(Object(Illuminate\\Http\\Request), Object(Illuminate\\Http\\Response))
#27 C:\\D\\xampp\\htdocs\\TTTD_KTPM_Clone2\\vendor\\laravel\\framework\\src\\Illuminate\\Foundation\\resources\\server.php(23): require_once('C:\\\\D\\\\xampp\\\\htdo...')
#28 {main}

[previous exception] [object] (ReflectionException(code: -1): Class \"Webkul\\FPC\\Hasher\\DefaultHasher\" does not exist at C:\\D\\xampp\\htdocs\\TTTD_KTPM_Clone2\\vendor\\laravel\\framework\\src\\Illuminate\\Container\\Container.php:959)
[stacktrace]
#0 C:\\D\\xampp\\htdocs\\TTTD_KTPM_Clone2\\vendor\\laravel\\framework\\src\\Illuminate\\Container\\Container.php(959): ReflectionClass->__construct('Webkul\\\\FPC\\\\Hash...')
#1 C:\\D\\xampp\\htdocs\\TTTD_KTPM_Clone2\\vendor\\laravel\\framework\\src\\Illuminate\\Container\\Container.php(832): Illuminate\\Container\\Container->build('Webkul\\\\FPC\\\\Hash...')
#2 C:\\D\\xampp\\htdocs\\TTTD_KTPM_Clone2\\vendor\\laravel\\framework\\src\\Illuminate\\Foundation\\Application.php(1078): Illuminate\\Container\\Container->resolve('Webkul\\\\FPC\\\\Hash...', Array, true)
#3 C:\\D\\xampp\\htdocs\\TTTD_KTPM_Clone2\\vendor\\laravel\\framework\\src\\Illuminate\\Container\\Container.php(763): Illuminate\\Foundation\\Application->resolve('Webkul\\\\FPC\\\\Hash...', Array)
#4 C:\\D\\xampp\\htdocs\\TTTD_KTPM_Clone2\\vendor\\laravel\\framework\\src\\Illuminate\\Foundation\\Application.php(1058): Illuminate\\Container\\Container->make('Webkul\\\\FPC\\\\Hash...', Array)
#5 C:\\D\\xampp\\htdocs\\TTTD_KTPM_Clone2\\vendor\\spatie\\laravel-responsecache\\src\\ResponseCacheServiceProvider.php(33): Illuminate\\Foundation\\Application->make('Webkul\\\\FPC\\\\Hash...')
#6 C:\\D\\xampp\\htdocs\\TTTD_KTPM_Clone2\\vendor\\laravel\\framework\\src\\Illuminate\\Container\\Container.php(952): Spatie\\ResponseCache\\ResponseCacheServiceProvider->Spatie\\ResponseCache\\{closure}(Object(Illuminate\\Foundation\\Application), Array)
#7 C:\\D\\xampp\\htdocs\\TTTD_KTPM_Clone2\\vendor\\laravel\\framework\\src\\Illuminate\\Container\\Container.php(832): Illuminate\\Container\\Container->build(Object(Closure))
#8 C:\\D\\xampp\\htdocs\\TTTD_KTPM_Clone2\\vendor\\laravel\\framework\\src\\Illuminate\\Foundation\\Application.php(1078): Illuminate\\Container\\Container->resolve('Spatie\\\\Response...', Array, true)
#9 C:\\D\\xampp\\htdocs\\TTTD_KTPM_Clone2\\vendor\\laravel\\framework\\src\\Illuminate\\Container\\Container.php(763): Illuminate\\Foundation\\Application->resolve('Spatie\\\\Response...', Array)
#10 C:\\D\\xampp\\htdocs\\TTTD_KTPM_Clone2\\vendor\\laravel\\framework\\src\\Illuminate\\Foundation\\Application.php(1058): Illuminate\\Container\\Container->make('Spatie\\\\Response...', Array)
#11 C:\\D\\xampp\\htdocs\\TTTD_KTPM_Clone2\\vendor\\laravel\\framework\\src\\Illuminate\\Container\\Container.php(1133): Illuminate\\Foundation\\Application->make('Spatie\\\\Response...')
#12 C:\\D\\xampp\\htdocs\\TTTD_KTPM_Clone2\\vendor\\laravel\\framework\\src\\Illuminate\\Container\\Container.php(1043): Illuminate\\Container\\Container->resolveClass(Object(ReflectionParameter))
#13 C:\\D\\xampp\\htdocs\\TTTD_KTPM_Clone2\\vendor\\laravel\\framework\\src\\Illuminate\\Container\\Container.php(994): Illuminate\\Container\\Container->resolveDependencies(Array)
#14 C:\\D\\xampp\\htdocs\\TTTD_KTPM_Clone2\\vendor\\laravel\\framework\\src\\Illuminate\\Container\\Container.php(832): Illuminate\\Container\\Container->build('Spatie\\\\Response...')
#15 C:\\D\\xampp\\htdocs\\TTTD_KTPM_Clone2\\vendor\\laravel\\framework\\src\\Illuminate\\Foundation\\Application.php(1078): Illuminate\\Container\\Container->resolve('Spatie\\\\Response...', Array, true)
#16 C:\\D\\xampp\\htdocs\\TTTD_KTPM_Clone2\\vendor\\laravel\\framework\\src\\Illuminate\\Container\\Container.php(763): Illuminate\\Foundation\\Application->resolve('Spatie\\\\Response...', Array)
#17 C:\\D\\xampp\\htdocs\\TTTD_KTPM_Clone2\\vendor\\laravel\\framework\\src\\Illuminate\\Foundation\\Application.php(1058): Illuminate\\Container\\Container->make('Spatie\\\\Response...', Array)
#18 C:\\D\\xampp\\htdocs\\TTTD_KTPM_Clone2\\vendor\\laravel\\framework\\src\\Illuminate\\Container\\Container.php(1133): Illuminate\\Foundation\\Application->make('Spatie\\\\Response...')
#19 C:\\D\\xampp\\htdocs\\TTTD_KTPM_Clone2\\vendor\\laravel\\framework\\src\\Illuminate\\Container\\Container.php(1043): Illuminate\\Container\\Container->resolveClass(Object(ReflectionParameter))
#20 C:\\D\\xampp\\htdocs\\TTTD_KTPM_Clone2\\vendor\\laravel\\framework\\src\\Illuminate\\Container\\Container.php(994): Illuminate\\Container\\Container->resolveDependencies(Array)
#21 C:\\D\\xampp\\htdocs\\TTTD_KTPM_Clone2\\vendor\\laravel\\framework\\src\\Illuminate\\Container\\Container.php(832): Illuminate\\Container\\Container->build('Webkul\\\\Shop\\\\Htt...')
#22 C:\\D\\xampp\\htdocs\\TTTD_KTPM_Clone2\\vendor\\laravel\\framework\\src\\Illuminate\\Foundation\\Application.php(1078): Illuminate\\Container\\Container->resolve('Webkul\\\\Shop\\\\Htt...', Array, true)
#23 C:\\D\\xampp\\htdocs\\TTTD_KTPM_Clone2\\vendor\\laravel\\framework\\src\\Illuminate\\Container\\Container.php(763): Illuminate\\Foundation\\Application->resolve('Webkul\\\\Shop\\\\Htt...', Array)
#24 C:\\D\\xampp\\htdocs\\TTTD_KTPM_Clone2\\vendor\\laravel\\framework\\src\\Illuminate\\Foundation\\Application.php(1058): Illuminate\\Container\\Container->make('Webkul\\\\Shop\\\\Htt...', Array)
#25 C:\\D\\xampp\\htdocs\\TTTD_KTPM_Clone2\\vendor\\laravel\\framework\\src\\Illuminate\\Foundation\\Http\\Kernel.php(258): Illuminate\\Foundation\\Application->make('Webkul\\\\Shop\\\\Htt...')
#26 C:\\D\\xampp\\htdocs\\TTTD_KTPM_Clone2\\vendor\\laravel\\framework\\src\\Illuminate\\Foundation\\Http\\Kernel.php(216): Illuminate\\Foundation\\Http\\Kernel->terminateMiddleware(Object(Illuminate\\Http\\Request), Object(Illuminate\\Http\\Response))
#27 C:\\D\\xampp\\htdocs\\TTTD_KTPM_Clone2\\public\\index.php(55): Illuminate\\Foundation\\Http\\Kernel->terminate(Object(Illuminate\\Http\\Request), Object(Illuminate\\Http\\Response))
#28 C:\\D\\xampp\\htdocs\\TTTD_KTPM_Clone2\\vendor\\laravel\\framework\\src\\Illuminate\\Foundation\\resources\\server.php(23): require_once('C:\\\\D\\\\xampp\\\\htdo...')
#29 {main}
"} 
[2025-12-07 16:21:49] local.ERROR: View [home.index] not found. {"exception":"[object] (InvalidArgumentException(code: 0): View [home.index] not found. at C:\\D\\xampp\\htdocs\\TTTD_KTPM_Clone2\\vendor\\laravel\\framework\\src\\Illuminate\\View\\FileViewFinder.php:139)
[stacktrace]
#0 C:\\D\\xampp\\htdocs\\TTTD_KTPM_Clone2\\packages\\Webkul\\Theme\\src\\ThemeViewFinder.php(47): Illuminate\\View\\FileViewFinder->findInPaths('home.index', Array)
#1 C:\\D\\xampp\\htdocs\\TTTD_KTPM_Clone2\\vendor\\laravel\\framework\\src\\Illuminate\\View\\FileViewFinder.php(76): Webkul\\Theme\\ThemeViewFinder->findNamespacedView('shop::home.inde...')
#2 C:\\D\\xampp\\htdocs\\TTTD_KTPM_Clone2\\vendor\\laravel\\framework\\src\\Illuminate\\View\\Factory.php(151): Illuminate\\View\\FileViewFinder->find('shop::home.inde...')
#3 C:\\D\\xampp\\htdocs\\TTTD_KTPM_Clone2\\vendor\\laravel\\framework\\src\\Illuminate\\Foundation\\helpers.php(1062): Illuminate\\View\\Factory->make('shop::home.inde...', Array, Array)
#4 C:\\D\\xampp\\htdocs\\TTTD_KTPM_Clone2\\packages\\Webkul\\Shop\\src\\Http\\Controllers\\HomeController.php(45): view('shop::home.inde...', Array)
#5 C:\\D\\xampp\\htdocs\\TTTD_KTPM_Clone2\\vendor\\laravel\\framework\\src\\Illuminate\\Routing\\Controller.php(54): Webkul\\Shop\\Http\\Controllers\\HomeController->index()
#6 C:\\D\\xampp\\htdocs\\TTTD_KTPM_Clone2\\vendor\\laravel\\framework\\src\\Illuminate\\Routing\\ControllerDispatcher.php(44): Illuminate\\Routing\\Controller->callAction('index', Array)
#7 C:\\D\\xampp\\htdocs\\TTTD_KTPM_Clone2\\vendor\\laravel\\framework\\src\\Illuminate\\Routing\\Route.php(266): Illuminate\\Routing\\ControllerDispatcher->dispatch(Object(Illuminate\\Routing\\Route), Object(Webkul\\Shop\\Http\\Controllers\\HomeController), 'index')
#8 C:\\D\\xampp\\htdocs\\TTTD_KTPM_Clone2\\vendor\\laravel\\framework\\src\\Illuminate\\Routing\\Route.php(212): Illuminate\\Routing\\Route->runController()
#9 C:\\D\\xampp\\htdocs\\TTTD_KTPM_Clone2\\vendor\\laravel\\framework\\src\\Illuminate\\Routing\\Router.php(808): Illuminate\\Routing\\Route->run()
#10 C:\\D\\xampp\\htdocs\\TTTD_KTPM_Clone2\\vendor\\laravel\\framework\\src\\Illuminate\\Pipeline\\Pipeline.php(170): Illuminate\\Routing\\Router->Illuminate\\Routing\\{closure}(Object(Illuminate\\Http\\Request))
#11 C:\\D\\xampp\\htdocs\\TTTD_KTPM_Clone2\\vendor\\spatie\\laravel-responsecache\\src\\Middlewares\\CacheResponse.php(46): Illuminate\\Pipeline\\Pipeline->Illuminate\\Pipeline\\{closure}(Object(Illuminate\\Http\\Request))
#12 C:\\D\\xampp\\htdocs\\TTTD_KTPM_Clone2\\packages\\Webkul\\Shop\\src\\Http\\Middleware\\CacheResponse.php(36): Spatie\\ResponseCache\\Middlewares\\CacheResponse->handle(Object(Illuminate\\Http\\Request), Object(Closure))
#13 C:\\D\\xampp\\htdocs\\TTTD_KTPM_Clone2\\vendor\\laravel\\framework\\src\\Illuminate\\Pipeline\\Pipeline.php(209): Webkul\\Shop\\Http\\Middleware\\CacheResponse->handle(Object(Illuminate\\Http\\Request), Object(Closure))
#14 C:\\D\\xampp\\htdocs\\TTTD_KTPM_Clone2\\packages\\Webkul\\Core\\src\\Http\\Middleware\\PreventRequestsDuringMaintenance.php(109): Illuminate\\Pipeline\\Pipeline->Illuminate\\Pipeline\\{closure}(Object(Illuminate\\Http\\Request))
#15 C:\\D\\xampp\\htdocs\\TTTD_KTPM_Clone2\\vendor\\laravel\\framework\\src\\Illuminate\\Pipeline\\Pipeline.php(209): Webkul\\Core\\Http\\Middleware\\PreventRequestsDuringMaintenance->handle(Object(Illuminate\\Http\\Request), Object(Closure))
#16 C:\\D\\xampp\\htdocs\\TTTD_KTPM_Clone2\\packages\\Webkul\\Shop\\src\\Http\\Middleware\\Currency.php(40): Illuminate\\Pipeline\\Pipeline->Illuminate\\Pipeline\\{closure}(Object(Illuminate\\Http\\Request))
#17 C:\\D\\xampp\\htdocs\\TTTD_KTPM_Clone2\\vendor\\laravel\\framework\\src\\Illuminate\\Pipeline\\Pipeline.php(209): Webkul\\Shop\\Http\\Middleware\\Currency->handle(Object(Illuminate\\Http\\Request), Object(Closure))
#18 C:\\D\\xampp\\htdocs\\TTTD_KTPM_Clone2\\packages\\Webkul\\Shop\\src\\Http\\Middleware\\Locale.php(40): Illuminate\\Pipeline\\Pipeline->Illuminate\\Pipeline\\{closure}(Object(Illuminate\\Http\\Request))
#19 C:\\D\\xampp\\htdocs\\TTTD_KTPM_Clone2\\vendor\\laravel\\framework\\src\\Illuminate\\Pipeline\\Pipeline.php(209): Webkul\\Shop\\Http\\Middleware\\Locale->handle(Object(Illuminate\\Http\\Request), Object(Closure))
#20 C:\\D\\xampp\\htdocs\\TTTD_KTPM_Clone2\\packages\\Webkul\\Shop\\src\\Http\\Middleware\\Theme.php(32): Illuminate\\Pipeline\\Pipeline->Illuminate\\Pipeline\\{closure}(Object(Illuminate\\Http\\Request))
#21 C:\\D\\xampp\\htdocs\\TTTD_KTPM_Clone2\\vendor\\laravel\\framework\\src\\Illuminate\\Pipeline\\Pipeline.php(209): Webkul\\Shop\\Http\\Middleware\\Theme->handle(Object(Illuminate\\Http\\Request), Object(Closure))
#22 C:\\D\\xampp\\htdocs\\TTTD_KTPM_Clone2\\vendor\\barryvdh\\laravel-debugbar\\src\\Middleware\\InjectDebugbar.php(66): Illuminate\\Pipeline\\Pipeline->Illuminate\\Pipeline\\{closure}(Object(Illuminate\\Http\\Request))
#23 C:\\D\\xampp\\htdocs\\TTTD_KTPM_Clone2\\vendor\\laravel\\framework\\src\\Illuminate\\Pipeline\\Pipeline.php(209): Barryvdh\\Debugbar\\Middleware\\InjectDebugbar->handle(Object(Illuminate\\Http\\Request), Object(Closure))
#24 C:\\D\\xampp\\htdocs\\TTTD_KTPM_Clone2\\vendor\\laravel\\framework\\src\\Illuminate\\Routing\\Middleware\\SubstituteBindings.php(51): Illuminate\\Pipeline\\Pipeline->Illuminate\\Pipeline\\{closure}(Object(Illuminate\\Http\\Request))
#25 C:\\D\\xampp\\htdocs\\TTTD_KTPM_Clone2\\vendor\\laravel\\framework\\src\\Illuminate\\Pipeline\\Pipeline.php(209): Illuminate\\Routing\\Middleware\\SubstituteBindings->handle(Object(Illuminate\\Http\\Request), Object(Closure))
#26 C:\\D\\xampp\\htdocs\\TTTD_KTPM_Clone2\\vendor\\laravel\\framework\\src\\Illuminate\\Foundation\\Http\\Middleware\\VerifyCsrfToken.php(88): Illuminate\\Pipeline\\Pipeline->Illuminate\\Pipeline\\{closure}(Object(Illuminate\\Http\\Request))
#27 C:\\D\\xampp\\htdocs\\TTTD_KTPM_Clone2\\vendor\\laravel\\framework\\src\\Illuminate\\Pipeline\\Pipeline.php(209): Illuminate\\Foundation\\Http\\Middleware\\VerifyCsrfToken->handle(Object(Illuminate\\Http\\Request), Object(Closure))
#28 C:\\D\\xampp\\htdocs\\TTTD_KTPM_Clone2\\vendor\\laravel\\framework\\src\\Illuminate\\View\\Middleware\\ShareErrorsFromSession.php(49): Illuminate\\Pipeline\\Pipeline->Illuminate\\Pipeline\\{closure}(Object(Illuminate\\Http\\Request))
#29 C:\\D\\xampp\\htdocs\\TTTD_KTPM_Clone2\\vendor\\laravel\\framework\\src\\Illuminate\\Pipeline\\Pipeline.php(209): Illuminate\\View\\Middleware\\ShareErrorsFromSession->handle(Object(Illuminate\\Http\\Request), Object(Closure))
#30 C:\\D\\xampp\\htdocs\\TTTD_KTPM_Clone2\\vendor\\laravel\\framework\\src\\Illuminate\\Session\\Middleware\\StartSession.php(121): Illuminate\\Pipeline\\Pipeline->Illuminate\\Pipeline\\{closure}(Object(Illuminate\\Http\\Request))
#31 C:\\D\\xampp\\htdocs\\TTTD_KTPM_Clone2\\vendor\\laravel\\framework\\src\\Illuminate\\Session\\Middleware\\StartSession.php(64): Illuminate\\Session\\Middleware\\StartSession->handleStatefulRequest(Object(Illuminate\\Http\\Request), Object(Illuminate\\Session\\Store), Object(Closure))
#32 C:\\D\\xampp\\htdocs\\TTTD_KTPM_Clone2\\vendor\\laravel\\framework\\src\\Illuminate\\Pipeline\\Pipeline.php(209): Illuminate\\Session\\Middleware\\StartSession->handle(Object(Illuminate\\Http\\Request), Object(Closure))
#33 C:\\D\\xampp\\htdocs\\TTTD_KTPM_Clone2\\vendor\\laravel\\framework\\src\\Illuminate\\Cookie\\Middleware\\AddQueuedCookiesToResponse.php(37): Illuminate\\Pipeline\\Pipeline->Illuminate\\Pipeline\\{closure}(Object(Illuminate\\Http\\Request))
#34 C:\\D\\xampp\\htdocs\\TTTD_KTPM_Clone2\\vendor\\laravel\\framework\\src\\Illuminate\\Pipeline\\Pipeline.php(209): Illuminate\\Cookie\\Middleware\\AddQueuedCookiesToResponse->handle(Object(Illuminate\\Http\\Request), Object(Closure))
#35 C:\\D\\xampp\\htdocs\\TTTD_KTPM_Clone2\\vendor\\laravel\\framework\\src\\Illuminate\\Cookie\\Middleware\\EncryptCookies.php(75): Illuminate\\Pipeline\\Pipeline->Illuminate\\Pipeline\\{closure}(Object(Illuminate\\Http\\Request))
#36 C:\\D\\xampp\\htdocs\\TTTD_KTPM_Clone2\\vendor\\laravel\\framework\\src\\Illuminate\\Pipeline\\Pipeline.php(209): Illuminate\\Cookie\\Middleware\\EncryptCookies->handle(Object(Illuminate\\Http\\Request), Object(Closure))
#37 C:\\D\\xampp\\htdocs\\TTTD_KTPM_Clone2\\vendor\\laravel\\framework\\src\\Illuminate\\Pipeline\\Pipeline.php(127): Illuminate\\Pipeline\\Pipeline->Illuminate\\Pipeline\\{closure}(Object(Illuminate\\Http\\Request))
#38 C:\\D\\xampp\\htdocs\\TTTD_KTPM_Clone2\\vendor\\laravel\\framework\\src\\Illuminate\\Routing\\Router.php(807): Illuminate\\Pipeline\\Pipeline->then(Object(Closure))
#39 C:\\D\\xampp\\htdocs\\TTTD_KTPM_Clone2\\vendor\\laravel\\framework\\src\\Illuminate\\Routing\\Router.php(786): Illuminate\\Routing\\Router->runRouteWithinStack(Object(Illuminate\\Routing\\Route), Object(Illuminate\\Http\\Request))
#40 C:\\D\\xampp\\htdocs\\TTTD_KTPM_Clone2\\vendor\\laravel\\framework\\src\\Illuminate\\Routing\\Router.php(750): Illuminate\\Routing\\Router->runRoute(Object(Illuminate\\Http\\Request), Object(Illuminate\\Routing\\Route))
#41 C:\\D\\xampp\\htdocs\\TTTD_KTPM_Clone2\\vendor\\laravel\\framework\\src\\Illuminate\\Routing\\Router.php(739): Illuminate\\Routing\\Router->dispatchToRoute(Object(Illuminate\\Http\\Request))
#42 C:\\D\\xampp\\htdocs\\TTTD_KTPM_Clone2\\vendor\\laravel\\framework\\src\\Illuminate\\Foundation\\Http\\Kernel.php(201): Illuminate\\Routing\\Router->dispatch(Object(Illuminate\\Http\\Request))
#43 C:\\D\\xampp\\htdocs\\TTTD_KTPM_Clone2\\vendor\\laravel\\framework\\src\\Illuminate\\Pipeline\\Pipeline.php(170): Illuminate\\Foundation\\Http\\Kernel->Illuminate\\Foundation\\Http\\{closure}(Object(Illuminate\\Http\\Request))
#44 C:\\D\\xampp\\htdocs\\TTTD_KTPM_Clone2\\vendor\\barryvdh\\laravel-debugbar\\src\\Middleware\\InjectDebugbar.php(66): Illuminate\\Pipeline\\Pipeline->Illuminate\\Pipeline\\{closure}(Object(Illuminate\\Http\\Request))
#45 C:\\D\\xampp\\htdocs\\TTTD_KTPM_Clone2\\vendor\\laravel\\framework\\src\\Illuminate\\Pipeline\\Pipeline.php(209): Barryvdh\\Debugbar\\Middleware\\InjectDebugbar->handle(Object(Illuminate\\Http\\Request), Object(Closure))
#46 C:\\D\\xampp\\htdocs\\TTTD_KTPM_Clone2\\packages\\Webkul\\Installer\\src\\Http\\Middleware\\CanInstall.php(30): Illuminate\\Pipeline\\Pipeline->Illuminate\\Pipeline\\{closure}(Object(Illuminate\\Http\\Request))
#47 C:\\D\\xampp\\htdocs\\TTTD_KTPM_Clone2\\vendor\\laravel\\framework\\src\\Illuminate\\Pipeline\\Pipeline.php(209): Webkul\\Installer\\Http\\Middleware\\CanInstall->handle(Object(Illuminate\\Http\\Request), Object(Closure))
#48 C:\\D\\xampp\\htdocs\\TTTD_KTPM_Clone2\\packages\\Webkul\\Core\\src\\Http\\Middleware\\SecureHeaders.php(29): Illuminate\\Pipeline\\Pipeline->Illuminate\\Pipeline\\{closure}(Object(Illuminate\\Http\\Request))
#49 C:\\D\\xampp\\htdocs\\TTTD_KTPM_Clone2\\vendor\\laravel\\framework\\src\\Illuminate\\Pipeline\\Pipeline.php(209): Webkul\\Core\\Http\\Middleware\\SecureHeaders->handle(Object(Illuminate\\Http\\Request), Object(Closure))
#50 C:\\D\\xampp\\htdocs\\TTTD_KTPM_Clone2\\vendor\\laravel\\framework\\src\\Illuminate\\Foundation\\Http\\Middleware\\TransformsRequest.php(21): Illuminate\\Pipeline\\Pipeline->Illuminate\\Pipeline\\{closure}(Object(Illuminate\\Http\\Request))
#51 C:\\D\\xampp\\htdocs\\TTTD_KTPM_Clone2\\vendor\\laravel\\framework\\src\\Illuminate\\Foundation\\Http\\Middleware\\TrimStrings.php(51): Illuminate\\Foundation\\Http\\Middleware\\TransformsRequest->handle(Object(Illuminate\\Http\\Request), Object(Closure))
#52 C:\\D\\xampp\\htdocs\\TTTD_KTPM_Clone2\\vendor\\laravel\\framework\\src\\Illuminate\\Pipeline\\Pipeline.php(209): Illuminate\\Foundation\\Http\\Middleware\\TrimStrings->handle(Object(Illuminate\\Http\\Request), Object(Closure))
#53 C:\\D\\xampp\\htdocs\\TTTD_KTPM_Clone2\\vendor\\laravel\\framework\\src\\Illuminate\\Http\\Middleware\\ValidatePostSize.php(27): Illuminate\\Pipeline\\Pipeline->Illuminate\\Pipeline\\{closure}(Object(Illuminate\\Http\\Request))
#54 C:\\D\\xampp\\htdocs\\TTTD_KTPM_Clone2\\vendor\\laravel\\framework\\src\\Illuminate\\Pipeline\\Pipeline.php(209): Illuminate\\Http\\Middleware\\ValidatePostSize->handle(Object(Illuminate\\Http\\Request), Object(Closure))
#55 C:\\D\\xampp\\htdocs\\TTTD_KTPM_Clone2\\vendor\\laravel\\framework\\src\\Illuminate\\Http\\Middleware\\HandleCors.php(49): Illuminate\\Pipeline\\Pipeline->Illuminate\\Pipeline\\{closure}(Object(Illuminate\\Http\\Request))
#56 C:\\D\\xampp\\htdocs\\TTTD_KTPM_Clone2\\vendor\\laravel\\framework\\src\\Illuminate\\Pipeline\\Pipeline.php(209): Illuminate\\Http\\Middleware\\HandleCors->handle(Object(Illuminate\\Http\\Request), Object(Closure))
#57 C:\\D\\xampp\\htdocs\\TTTD_KTPM_Clone2\\vendor\\laravel\\framework\\src\\Illuminate\\Http\\Middleware\\TrustProxies.php(58): Illuminate\\Pipeline\\Pipeline->Illuminate\\Pipeline\\{closure}(Object(Illuminate\\Http\\Request))
#58 C:\\D\\xampp\\htdocs\\TTTD_KTPM_Clone2\\vendor\\laravel\\framework\\src\\Illuminate\\Pipeline\\Pipeline.php(209): Illuminate\\Http\\Middleware\\TrustProxies->handle(Object(Illuminate\\Http\\Request), Object(Closure))
#59 C:\\D\\xampp\\htdocs\\TTTD_KTPM_Clone2\\vendor\\laravel\\framework\\src\\Illuminate\\Foundation\\Http\\Middleware\\InvokeDeferredCallbacks.php(22): Illuminate\\Pipeline\\Pipeline->Illuminate\\Pipeline\\{closure}(Object(Illuminate\\Http\\Request))
#60 C:\\D\\xampp\\htdocs\\TTTD_KTPM_Clone2\\vendor\\laravel\\framework\\src\\Illuminate\\Pipeline\\Pipeline.php(209): Illuminate\\Foundation\\Http\\Middleware\\InvokeDeferredCallbacks->handle(Object(Illuminate\\Http\\Request), Object(Closure))
#61 C:\\D\\xampp\\htdocs\\TTTD_KTPM_Clone2\\vendor\\laravel\\framework\\src\\Illuminate\\Pipeline\\Pipeline.php(127): Illuminate\\Pipeline\\Pipeline->Illuminate\\Pipeline\\{closure}(Object(Illuminate\\Http\\Request))
#62 C:\\D\\xampp\\htdocs\\TTTD_KTPM_Clone2\\vendor\\laravel\\framework\\src\\Illuminate\\Foundation\\Http\\Kernel.php(176): Illuminate\\Pipeline\\Pipeline->then(Object(Closure))
#63 C:\\D\\xampp\\htdocs\\TTTD_KTPM_Clone2\\vendor\\laravel\\framework\\src\\Illuminate\\Foundation\\Http\\Kernel.php(145): Illuminate\\Foundation\\Http\\Kernel->sendRequestThroughRouter(Object(Illuminate\\Http\\Request))
#64 C:\\D\\xampp\\htdocs\\TTTD_KTPM_Clone2\\public\\index.php(51): Illuminate\\Foundation\\Http\\Kernel->handle(Object(Illuminate\\Http\\Request))
#65 C:\\D\\xampp\\htdocs\\TTTD_KTPM_Clone2\\vendor\\laravel\\framework\\src\\Illuminate\\Foundation\\resources\\server.php(23): require_once('C:\\\\D\\\\xampp\\\\htdo...')
#66 {main}
"} 
[2025-12-07 16:23:36] local.ERROR: Class "Webkul\Admin\Http\Controllers\Sales\InvoiceController" does not exist {"exception":"[object] (ReflectionException(code: -1): Class \"Webkul\\Admin\\Http\\Controllers\\Sales\\InvoiceController\" does not exist at C:\\D\\xampp\\htdocs\\TTTD_KTPM_Clone2\\vendor\\laravel\\framework\\src\\Illuminate\\Foundation\\Console\\RouteListCommand.php:235)
[stacktrace]
#0 C:\\D\\xampp\\htdocs\\TTTD_KTPM_Clone2\\vendor\\laravel\\framework\\src\\Illuminate\\Foundation\\Console\\RouteListCommand.php(235): ReflectionClass->__construct('Webkul\\\\Admin\\\\Ht...')
#1 C:\\D\\xampp\\htdocs\\TTTD_KTPM_Clone2\\vendor\\laravel\\framework\\src\\Illuminate\\Foundation\\Console\\RouteListCommand.php(149): Illuminate\\Foundation\\Console\\RouteListCommand->isVendorRoute(Object(Illuminate\\Routing\\Route))
#2 C:\\D\\xampp\\htdocs\\TTTD_KTPM_Clone2\\vendor\\laravel\\framework\\src\\Illuminate\\Foundation\\Console\\RouteListCommand.php(118): Illuminate\\Foundation\\Console\\RouteListCommand->getRouteInformation(Object(Illuminate\\Routing\\Route))
#3 [internal function]: Illuminate\\Foundation\\Console\\RouteListCommand->Illuminate\\Foundation\\Console\\{closure}(Object(Illuminate\\Routing\\Route), 14)
#4 C:\\D\\xampp\\htdocs\\TTTD_KTPM_Clone2\\vendor\\laravel\\framework\\src\\Illuminate\\Collections\\Arr.php(609): array_map(Object(Closure), Array, Array)
#5 C:\\D\\xampp\\htdocs\\TTTD_KTPM_Clone2\\vendor\\laravel\\framework\\src\\Illuminate\\Collections\\Collection.php(799): Illuminate\\Support\\Arr::map(Array, Object(Closure))
#6 C:\\D\\xampp\\htdocs\\TTTD_KTPM_Clone2\\vendor\\laravel\\framework\\src\\Illuminate\\Foundation\\Console\\RouteListCommand.php(117): Illuminate\\Support\\Collection->map(Object(Closure))
#7 C:\\D\\xampp\\htdocs\\TTTD_KTPM_Clone2\\vendor\\laravel\\framework\\src\\Illuminate\\Foundation\\Console\\RouteListCommand.php(103): Illuminate\\Foundation\\Console\\RouteListCommand->getRoutes()
#8 C:\\D\\xampp\\htdocs\\TTTD_KTPM_Clone2\\vendor\\laravel\\framework\\src\\Illuminate\\Container\\BoundMethod.php(36): Illuminate\\Foundation\\Console\\RouteListCommand->handle()
#9 C:\\D\\xampp\\htdocs\\TTTD_KTPM_Clone2\\vendor\\laravel\\framework\\src\\Illuminate\\Container\\Util.php(43): Illuminate\\Container\\BoundMethod::Illuminate\\Container\\{closure}()
#10 C:\\D\\xampp\\htdocs\\TTTD_KTPM_Clone2\\vendor\\laravel\\framework\\src\\Illuminate\\Container\\BoundMethod.php(95): Illuminate\\Container\\Util::unwrapIfClosure(Object(Closure))
#11 C:\\D\\xampp\\htdocs\\TTTD_KTPM_Clone2\\vendor\\laravel\\framework\\src\\Illuminate\\Container\\BoundMethod.php(35): Illuminate\\Container\\BoundMethod::callBoundMethod(Object(Illuminate\\Foundation\\Application), Array, Object(Closure))
#12 C:\\D\\xampp\\htdocs\\TTTD_KTPM_Clone2\\vendor\\laravel\\framework\\src\\Illuminate\\Container\\Container.php(696): Illuminate\\Container\\BoundMethod::call(Object(Illuminate\\Foundation\\Application), Array, Array, NULL)
#13 C:\\D\\xampp\\htdocs\\TTTD_KTPM_Clone2\\vendor\\laravel\\framework\\src\\Illuminate\\Console\\Command.php(213): Illuminate\\Container\\Container->call(Array)
#14 C:\\D\\xampp\\htdocs\\TTTD_KTPM_Clone2\\vendor\\symfony\\console\\Command\\Command.php(318): Illuminate\\Console\\Command->execute(Object(Symfony\\Component\\Console\\Input\\ArgvInput), Object(Illuminate\\Console\\OutputStyle))
#15 C:\\D\\xampp\\htdocs\\TTTD_KTPM_Clone2\\vendor\\laravel\\framework\\src\\Illuminate\\Console\\Command.php(182): Symfony\\Component\\Console\\Command\\Command->run(Object(Symfony\\Component\\Console\\Input\\ArgvInput), Object(Illuminate\\Console\\OutputStyle))
#16 C:\\D\\xampp\\htdocs\\TTTD_KTPM_Clone2\\vendor\\symfony\\console\\Application.php(1110): Illuminate\\Console\\Command->run(Object(Symfony\\Component\\Console\\Input\\ArgvInput), Object(Symfony\\Component\\Console\\Output\\ConsoleOutput))
#17 C:\\D\\xampp\\htdocs\\TTTD_KTPM_Clone2\\vendor\\symfony\\console\\Application.php(359): Symfony\\Component\\Console\\Application->doRunCommand(Object(Illuminate\\Foundation\\Console\\RouteListCommand), Object(Symfony\\Component\\Console\\Input\\ArgvInput), Object(Symfony\\Component\\Console\\Output\\ConsoleOutput))
#18 C:\\D\\xampp\\htdocs\\TTTD_KTPM_Clone2\\vendor\\symfony\\console\\Application.php(194): Symfony\\Component\\Console\\Application->doRun(Object(Symfony\\Component\\Console\\Input\\ArgvInput), Object(Symfony\\Component\\Console\\Output\\ConsoleOutput))
#19 C:\\D\\xampp\\htdocs\\TTTD_KTPM_Clone2\\vendor\\laravel\\framework\\src\\Illuminate\\Foundation\\Console\\Kernel.php(198): Symfony\\Component\\Console\\Application->run(Object(Symfony\\Component\\Console\\Input\\ArgvInput), Object(Symfony\\Component\\Console\\Output\\ConsoleOutput))
#20 C:\\D\\xampp\\htdocs\\TTTD_KTPM_Clone2\\artisan(35): Illuminate\\Foundation\\Console\\Kernel->handle(Object(Symfony\\Component\\Console\\Input\\ArgvInput), Object(Symfony\\Component\\Console\\Output\\ConsoleOutput))
#21 {main}
"} 
[2025-12-07 16:23:45] local.ERROR: The "--columns" option does not exist. {"exception":"[object] (Symfony\\Component\\Console\\Exception\\RuntimeException(code: 0): The \"--columns\" option does not exist. at C:\\D\\xampp\\htdocs\\TTTD_KTPM_Clone2\\vendor\\symfony\\console\\Input\\ArgvInput.php:226)
[stacktrace]
#0 C:\\D\\xampp\\htdocs\\TTTD_KTPM_Clone2\\vendor\\symfony\\console\\Input\\ArgvInput.php(153): Symfony\\Component\\Console\\Input\\ArgvInput->addLongOption('columns', 'name,uri')
#1 C:\\D\\xampp\\htdocs\\TTTD_KTPM_Clone2\\vendor\\symfony\\console\\Input\\ArgvInput.php(88): Symfony\\Component\\Console\\Input\\ArgvInput->parseLongOption('--columns=name,...')
#2 C:\\D\\xampp\\htdocs\\TTTD_KTPM_Clone2\\vendor\\symfony\\console\\Input\\ArgvInput.php(77): Symfony\\Component\\Console\\Input\\ArgvInput->parseToken('--columns=name,...', true)
#3 C:\\D\\xampp\\htdocs\\TTTD_KTPM_Clone2\\vendor\\symfony\\console\\Input\\Input.php(53): Symfony\\Component\\Console\\Input\\ArgvInput->parse()
#4 C:\\D\\xampp\\htdocs\\TTTD_KTPM_Clone2\\vendor\\symfony\\console\\Command\\Command.php(276): Symfony\\Component\\Console\\Input\\Input->bind(Object(Symfony\\Component\\Console\\Input\\InputDefinition))
#5 C:\\D\\xampp\\htdocs\\TTTD_KTPM_Clone2\\vendor\\laravel\\framework\\src\\Illuminate\\Console\\Command.php(182): Symfony\\Component\\Console\\Command\\Command->run(Object(Symfony\\Component\\Console\\Input\\ArgvInput), Object(Illuminate\\Console\\OutputStyle))
#6 C:\\D\\xampp\\htdocs\\TTTD_KTPM_Clone2\\vendor\\symfony\\console\\Application.php(1110): Illuminate\\Console\\Command->run(Object(Symfony\\Component\\Console\\Input\\ArgvInput), Object(Symfony\\Component\\Console\\Output\\ConsoleOutput))
#7 C:\\D\\xampp\\htdocs\\TTTD_KTPM_Clone2\\vendor\\symfony\\console\\Application.php(359): Symfony\\Component\\Console\\Application->doRunCommand(Object(Illuminate\\Foundation\\Console\\RouteListCommand), Object(Symfony\\Component\\Console\\Input\\ArgvInput), Object(Symfony\\Component\\Console\\Output\\ConsoleOutput))
#8 C:\\D\\xampp\\htdocs\\TTTD_KTPM_Clone2\\vendor\\symfony\\console\\Application.php(194): Symfony\\Component\\Console\\Application->doRun(Object(Symfony\\Component\\Console\\Input\\ArgvInput), Object(Symfony\\Component\\Console\\Output\\ConsoleOutput))
#9 C:\\D\\xampp\\htdocs\\TTTD_KTPM_Clone2\\vendor\\laravel\\framework\\src\\Illuminate\\Foundation\\Console\\Kernel.php(198): Symfony\\Component\\Console\\Application->run(Object(Symfony\\Component\\Console\\Input\\ArgvInput), Object(Symfony\\Component\\Console\\Output\\ConsoleOutput))
#10 C:\\D\\xampp\\htdocs\\TTTD_KTPM_Clone2\\artisan(35): Illuminate\\Foundation\\Console\\Kernel->handle(Object(Symfony\\Component\\Console\\Input\\ArgvInput), Object(Symfony\\Component\\Console\\Output\\ConsoleOutput))
#11 {main}
"} 
[2025-12-07 16:24:11] local.ERROR: Unable to locate a class or view for component [shop::products.carousel]. {"exception":"[object] (InvalidArgumentException(code: 0): Unable to locate a class or view for component [shop::products.carousel]. at C:\\D\\xampp\\htdocs\\TTTD_KTPM_Clone2\\vendor\\laravel\\framework\\src\\Illuminate\\View\\Compilers\\ComponentTagCompiler.php:316)
[stacktrace]
#0 C:\\D\\xampp\\htdocs\\TTTD_KTPM_Clone2\\vendor\\laravel\\framework\\src\\Illuminate\\View\\Compilers\\ComponentTagCompiler.php(236): Illuminate\\View\\Compilers\\ComponentTagCompiler->componentClass('shop::products....')
#1 C:\\D\\xampp\\htdocs\\TTTD_KTPM_Clone2\\vendor\\laravel\\framework\\src\\Illuminate\\View\\Compilers\\ComponentTagCompiler.php(157): Illuminate\\View\\Compilers\\ComponentTagCompiler->componentString('shop::products....', Array)
#2 [internal function]: Illuminate\\View\\Compilers\\ComponentTagCompiler->Illuminate\\View\\Compilers\\{closure}(Array)
#3 C:\\D\\xampp\\htdocs\\TTTD_KTPM_Clone2\\vendor\\laravel\\framework\\src\\Illuminate\\View\\Compilers\\ComponentTagCompiler.php(152): preg_replace_callback('/\\n            <...', Object(Closure), '<!-- SEO Meta C...')
#4 C:\\D\\xampp\\htdocs\\TTTD_KTPM_Clone2\\vendor\\laravel\\framework\\src\\Illuminate\\View\\Compilers\\ComponentTagCompiler.php(91): Illuminate\\View\\Compilers\\ComponentTagCompiler->compileOpeningTags('<!-- SEO Meta C...')
#5 C:\\D\\xampp\\htdocs\\TTTD_KTPM_Clone2\\vendor\\laravel\\framework\\src\\Illuminate\\View\\Compilers\\ComponentTagCompiler.php(77): Illuminate\\View\\Compilers\\ComponentTagCompiler->compileTags('<!-- SEO Meta C...')
#6 C:\\D\\xampp\\htdocs\\TTTD_KTPM_Clone2\\vendor\\laravel\\framework\\src\\Illuminate\\View\\Compilers\\BladeCompiler.php(440): Illuminate\\View\\Compilers\\ComponentTagCompiler->compile('<!-- SEO Meta C...')
#7 C:\\D\\xampp\\htdocs\\TTTD_KTPM_Clone2\\vendor\\laravel\\framework\\src\\Illuminate\\View\\Compilers\\BladeCompiler.php(272): Illuminate\\View\\Compilers\\BladeCompiler->compileComponentTags('<!-- SEO Meta C...')
#8 C:\\D\\xampp\\htdocs\\TTTD_KTPM_Clone2\\vendor\\laravel\\framework\\src\\Illuminate\\View\\Compilers\\BladeCompiler.php(186): Illuminate\\View\\Compilers\\BladeCompiler->compileString('<!-- SEO Meta C...')
#9 C:\\D\\xampp\\htdocs\\TTTD_KTPM_Clone2\\vendor\\laravel\\framework\\src\\Illuminate\\Foundation\\Console\\ViewCacheCommand.php(64): Illuminate\\View\\Compilers\\BladeCompiler->compile('C:\\\\D\\\\xampp\\\\htdo...')
#10 [internal function]: Illuminate\\Foundation\\Console\\ViewCacheCommand->Illuminate\\Foundation\\Console\\{closure}(Object(Symfony\\Component\\Finder\\SplFileInfo), 'C:\\\\D\\\\xampp\\\\htdo...')
#11 C:\\D\\xampp\\htdocs\\TTTD_KTPM_Clone2\\vendor\\laravel\\framework\\src\\Illuminate\\Collections\\Arr.php(609): array_map(Object(Closure), Array, Array)
#12 C:\\D\\xampp\\htdocs\\TTTD_KTPM_Clone2\\vendor\\laravel\\framework\\src\\Illuminate\\Collections\\Collection.php(799): Illuminate\\Support\\Arr::map(Array, Object(Closure))
#13 C:\\D\\xampp\\htdocs\\TTTD_KTPM_Clone2\\vendor\\laravel\\framework\\src\\Illuminate\\Foundation\\Console\\ViewCacheCommand.php(61): Illuminate\\Support\\Collection->map(Object(Closure))
#14 C:\\D\\xampp\\htdocs\\TTTD_KTPM_Clone2\\vendor\\laravel\\framework\\src\\Illuminate\\Foundation\\Console\\ViewCacheCommand.php(43): Illuminate\\Foundation\\Console\\ViewCacheCommand->compileViews(Object(Illuminate\\Support\\Collection))
#15 C:\\D\\xampp\\htdocs\\TTTD_KTPM_Clone2\\vendor\\laravel\\framework\\src\\Illuminate\\Collections\\Traits\\EnumeratesValues.php(261): Illuminate\\Foundation\\Console\\ViewCacheCommand->Illuminate\\Foundation\\Console\\{closure}('C:\\\\D\\\\xampp\\\\htdo...', 11)
#16 C:\\D\\xampp\\htdocs\\TTTD_KTPM_Clone2\\vendor\\laravel\\framework\\src\\Illuminate\\Foundation\\Console\\ViewCacheCommand.php(38): Illuminate\\Support\\Collection->each(Object(Closure))
#17 C:\\D\\xampp\\htdocs\\TTTD_KTPM_Clone2\\vendor\\laravel\\framework\\src\\Illuminate\\Container\\BoundMethod.php(36): Illuminate\\Foundation\\Console\\ViewCacheCommand->handle()
#18 C:\\D\\xampp\\htdocs\\TTTD_KTPM_Clone2\\vendor\\laravel\\framework\\src\\Illuminate\\Container\\Util.php(43): Illuminate\\Container\\BoundMethod::Illuminate\\Container\\{closure}()
#19 C:\\D\\xampp\\htdocs\\TTTD_KTPM_Clone2\\vendor\\laravel\\framework\\src\\Illuminate\\Container\\BoundMethod.php(95): Illuminate\\Container\\Util::unwrapIfClosure(Object(Closure))
#20 C:\\D\\xampp\\htdocs\\TTTD_KTPM_Clone2\\vendor\\laravel\\framework\\src\\Illuminate\\Container\\BoundMethod.php(35): Illuminate\\Container\\BoundMethod::callBoundMethod(Object(Illuminate\\Foundation\\Application), Array, Object(Closure))
#21 C:\\D\\xampp\\htdocs\\TTTD_KTPM_Clone2\\vendor\\laravel\\framework\\src\\Illuminate\\Container\\Container.php(696): Illuminate\\Container\\BoundMethod::call(Object(Illuminate\\Foundation\\Application), Array, Array, NULL)
#22 C:\\D\\xampp\\htdocs\\TTTD_KTPM_Clone2\\vendor\\laravel\\framework\\src\\Illuminate\\Console\\Command.php(213): Illuminate\\Container\\Container->call(Array)
#23 C:\\D\\xampp\\htdocs\\TTTD_KTPM_Clone2\\vendor\\symfony\\console\\Command\\Command.php(318): Illuminate\\Console\\Command->execute(Object(Symfony\\Component\\Console\\Input\\ArrayInput), Object(Illuminate\\Console\\OutputStyle))
#24 C:\\D\\xampp\\htdocs\\TTTD_KTPM_Clone2\\vendor\\laravel\\framework\\src\\Illuminate\\Console\\Command.php(182): Symfony\\Component\\Console\\Command\\Command->run(Object(Symfony\\Component\\Console\\Input\\ArrayInput), Object(Illuminate\\Console\\OutputStyle))
#25 C:\\D\\xampp\\htdocs\\TTTD_KTPM_Clone2\\vendor\\laravel\\framework\\src\\Illuminate\\Console\\Concerns\\CallsCommands.php(68): Illuminate\\Console\\Command->run(Object(Symfony\\Component\\Console\\Input\\ArrayInput), Object(Symfony\\Component\\Console\\Output\\NullOutput))
#26 C:\\D\\xampp\\htdocs\\TTTD_KTPM_Clone2\\vendor\\laravel\\framework\\src\\Illuminate\\Console\\Concerns\\CallsCommands.php(41): Illuminate\\Console\\Command->runCommand('view:cache', Array, Object(Symfony\\Component\\Console\\Output\\NullOutput))
#27 C:\\D\\xampp\\htdocs\\TTTD_KTPM_Clone2\\vendor\\laravel\\framework\\src\\Illuminate\\Console\\Concerns\\CallsCommands.php(53): Illuminate\\Console\\Command->callSilent('view:cache', Array)
#28 C:\\D\\xampp\\htdocs\\TTTD_KTPM_Clone2\\vendor\\laravel\\framework\\src\\Illuminate\\Foundation\\Console\\OptimizeCommand.php(48): Illuminate\\Console\\Command->callSilently('view:cache')
#29 C:\\D\\xampp\\htdocs\\TTTD_KTPM_Clone2\\vendor\\laravel\\framework\\src\\Illuminate\\Console\\View\\Components\\Task.php(40): Illuminate\\Foundation\\Console\\OptimizeCommand->Illuminate\\Foundation\\Console\\{closure}()
#30 C:\\D\\xampp\\htdocs\\TTTD_KTPM_Clone2\\vendor\\laravel\\framework\\src\\Illuminate\\Console\\View\\Components\\Factory.php(60): Illuminate\\Console\\View\\Components\\Task->render('views', Object(Closure))
#31 C:\\D\\xampp\\htdocs\\TTTD_KTPM_Clone2\\vendor\\laravel\\framework\\src\\Illuminate\\Foundation\\Console\\OptimizeCommand.php(48): Illuminate\\Console\\View\\Components\\Factory->__call('task', Array)
#32 C:\\D\\xampp\\htdocs\\TTTD_KTPM_Clone2\\vendor\\laravel\\framework\\src\\Illuminate\\Container\\BoundMethod.php(36): Illuminate\\Foundation\\Console\\OptimizeCommand->handle()
#33 C:\\D\\xampp\\htdocs\\TTTD_KTPM_Clone2\\vendor\\laravel\\framework\\src\\Illuminate\\Container\\Util.php(43): Illuminate\\Container\\BoundMethod::Illuminate\\Container\\{closure}()
#34 C:\\D\\xampp\\htdocs\\TTTD_KTPM_Clone2\\vendor\\laravel\\framework\\src\\Illuminate\\Container\\BoundMethod.php(95): Illuminate\\Container\\Util::unwrapIfClosure(Object(Closure))
#35 C:\\D\\xampp\\htdocs\\TTTD_KTPM_Clone2\\vendor\\laravel\\framework\\src\\Illuminate\\Container\\BoundMethod.php(35): Illuminate\\Container\\BoundMethod::callBoundMethod(Object(Illuminate\\Foundation\\Application), Array, Object(Closure))
#36 C:\\D\\xampp\\htdocs\\TTTD_KTPM_Clone2\\vendor\\laravel\\framework\\src\\Illuminate\\Container\\Container.php(696): Illuminate\\Container\\BoundMethod::call(Object(Illuminate\\Foundation\\Application), Array, Array, NULL)
#37 C:\\D\\xampp\\htdocs\\TTTD_KTPM_Clone2\\vendor\\laravel\\framework\\src\\Illuminate\\Console\\Command.php(213): Illuminate\\Container\\Container->call(Array)
#38 C:\\D\\xampp\\htdocs\\TTTD_KTPM_Clone2\\vendor\\symfony\\console\\Command\\Command.php(318): Illuminate\\Console\\Command->execute(Object(Symfony\\Component\\Console\\Input\\ArgvInput), Object(Illuminate\\Console\\OutputStyle))
#39 C:\\D\\xampp\\htdocs\\TTTD_KTPM_Clone2\\vendor\\laravel\\framework\\src\\Illuminate\\Console\\Command.php(182): Symfony\\Component\\Console\\Command\\Command->run(Object(Symfony\\Component\\Console\\Input\\ArgvInput), Object(Illuminate\\Console\\OutputStyle))
#40 C:\\D\\xampp\\htdocs\\TTTD_KTPM_Clone2\\vendor\\symfony\\console\\Application.php(1110): Illuminate\\Console\\Command->run(Object(Symfony\\Component\\Console\\Input\\ArgvInput), Object(Symfony\\Component\\Console\\Output\\ConsoleOutput))
#41 C:\\D\\xampp\\htdocs\\TTTD_KTPM_Clone2\\vendor\\symfony\\console\\Application.php(359): Symfony\\Component\\Console\\Application->doRunCommand(Object(Illuminate\\Foundation\\Console\\OptimizeCommand), Object(Symfony\\Component\\Console\\Input\\ArgvInput), Object(Symfony\\Component\\Console\\Output\\ConsoleOutput))
#42 C:\\D\\xampp\\htdocs\\TTTD_KTPM_Clone2\\vendor\\symfony\\console\\Application.php(194): Symfony\\Component\\Console\\Application->doRun(Object(Symfony\\Component\\Console\\Input\\ArgvInput), Object(Symfony\\Component\\Console\\Output\\ConsoleOutput))
#43 C:\\D\\xampp\\htdocs\\TTTD_KTPM_Clone2\\vendor\\laravel\\framework\\src\\Illuminate\\Foundation\\Console\\Kernel.php(198): Symfony\\Component\\Console\\Application->run(Object(Symfony\\Component\\Console\\Input\\ArgvInput), Object(Symfony\\Component\\Console\\Output\\ConsoleOutput))
#44 C:\\D\\xampp\\htdocs\\TTTD_KTPM_Clone2\\artisan(35): Illuminate\\Foundation\\Console\\Kernel->handle(Object(Symfony\\Component\\Console\\Input\\ArgvInput), Object(Symfony\\Component\\Console\\Output\\ConsoleOutput))
#45 {main}
"} 
[2025-12-07 16:25:57] local.ERROR: Target class [Webkul\\Theme\\Database\\Seeders\\DatabaseSeeder] does not exist. {"exception":"[object] (Illuminate\\Contracts\\Container\\BindingResolutionException(code: 0): Target class [Webkul\\\\Theme\\\\Database\\\\Seeders\\\\DatabaseSeeder] does not exist. at C:\\D\\xampp\\htdocs\\TTTD_KTPM_Clone2\\vendor\\laravel\\framework\\src\\Illuminate\\Container\\Container.php:961)
[stacktrace]
#0 C:\\D\\xampp\\htdocs\\TTTD_KTPM_Clone2\\vendor\\laravel\\framework\\src\\Illuminate\\Container\\Container.php(832): Illuminate\\Container\\Container->build('Webkul\\\\\\\\Theme\\\\\\\\...')
#1 C:\\D\\xampp\\htdocs\\TTTD_KTPM_Clone2\\vendor\\laravel\\framework\\src\\Illuminate\\Foundation\\Application.php(1078): Illuminate\\Container\\Container->resolve('Webkul\\\\\\\\Theme\\\\\\\\...', Array, true)
#2 C:\\D\\xampp\\htdocs\\TTTD_KTPM_Clone2\\vendor\\laravel\\framework\\src\\Illuminate\\Container\\Container.php(763): Illuminate\\Foundation\\Application->resolve('Webkul\\\\\\\\Theme\\\\\\\\...', Array)
#3 C:\\D\\xampp\\htdocs\\TTTD_KTPM_Clone2\\vendor\\laravel\\framework\\src\\Illuminate\\Foundation\\Application.php(1058): Illuminate\\Container\\Container->make('Webkul\\\\\\\\Theme\\\\\\\\...', Array)
#4 C:\\D\\xampp\\htdocs\\TTTD_KTPM_Clone2\\vendor\\laravel\\framework\\src\\Illuminate\\Database\\Console\\Seeds\\SeedCommand.php(98): Illuminate\\Foundation\\Application->make('Webkul\\\\\\\\Theme\\\\\\\\...')
#5 C:\\D\\xampp\\htdocs\\TTTD_KTPM_Clone2\\vendor\\laravel\\framework\\src\\Illuminate\\Database\\Console\\Seeds\\SeedCommand.php(70): Illuminate\\Database\\Console\\Seeds\\SeedCommand->getSeeder()
#6 C:\\D\\xampp\\htdocs\\TTTD_KTPM_Clone2\\vendor\\laravel\\framework\\src\\Illuminate\\Database\\Eloquent\\Concerns\\GuardsAttributes.php(155): Illuminate\\Database\\Console\\Seeds\\SeedCommand->Illuminate\\Database\\Console\\Seeds\\{closure}()
#7 C:\\D\\xampp\\htdocs\\TTTD_KTPM_Clone2\\vendor\\laravel\\framework\\src\\Illuminate\\Database\\Console\\Seeds\\SeedCommand.php(69): Illuminate\\Database\\Eloquent\\Model::unguarded(Object(Closure))
#8 C:\\D\\xampp\\htdocs\\TTTD_KTPM_Clone2\\vendor\\laravel\\framework\\src\\Illuminate\\Container\\BoundMethod.php(36): Illuminate\\Database\\Console\\Seeds\\SeedCommand->handle()
#9 C:\\D\\xampp\\htdocs\\TTTD_KTPM_Clone2\\vendor\\laravel\\framework\\src\\Illuminate\\Container\\Util.php(43): Illuminate\\Container\\BoundMethod::Illuminate\\Container\\{closure}()
#10 C:\\D\\xampp\\htdocs\\TTTD_KTPM_Clone2\\vendor\\laravel\\framework\\src\\Illuminate\\Container\\BoundMethod.php(95): Illuminate\\Container\\Util::unwrapIfClosure(Object(Closure))
#11 C:\\D\\xampp\\htdocs\\TTTD_KTPM_Clone2\\vendor\\laravel\\framework\\src\\Illuminate\\Container\\BoundMethod.php(35): Illuminate\\Container\\BoundMethod::callBoundMethod(Object(Illuminate\\Foundation\\Application), Array, Object(Closure))
#12 C:\\D\\xampp\\htdocs\\TTTD_KTPM_Clone2\\vendor\\laravel\\framework\\src\\Illuminate\\Container\\Container.php(696): Illuminate\\Container\\BoundMethod::call(Object(Illuminate\\Foundation\\Application), Array, Array, NULL)
#13 C:\\D\\xampp\\htdocs\\TTTD_KTPM_Clone2\\vendor\\laravel\\framework\\src\\Illuminate\\Console\\Command.php(213): Illuminate\\Container\\Container->call(Array)
#14 C:\\D\\xampp\\htdocs\\TTTD_KTPM_Clone2\\vendor\\symfony\\console\\Command\\Command.php(318): Illuminate\\Console\\Command->execute(Object(Symfony\\Component\\Console\\Input\\ArgvInput), Object(Illuminate\\Console\\OutputStyle))
#15 C:\\D\\xampp\\htdocs\\TTTD_KTPM_Clone2\\vendor\\laravel\\framework\\src\\Illuminate\\Console\\Command.php(182): Symfony\\Component\\Console\\Command\\Command->run(Object(Symfony\\Component\\Console\\Input\\ArgvInput), Object(Illuminate\\Console\\OutputStyle))
#16 C:\\D\\xampp\\htdocs\\TTTD_KTPM_Clone2\\vendor\\symfony\\console\\Application.php(1110): Illuminate\\Console\\Command->run(Object(Symfony\\Component\\Console\\Input\\ArgvInput), Object(Symfony\\Component\\Console\\Output\\ConsoleOutput))
#17 C:\\D\\xampp\\htdocs\\TTTD_KTPM_Clone2\\vendor\\symfony\\console\\Application.php(359): Symfony\\Component\\Console\\Application->doRunCommand(Object(Illuminate\\Database\\Console\\Seeds\\SeedCommand), Object(Symfony\\Component\\Console\\Input\\ArgvInput), Object(Symfony\\Component\\Console\\Output\\ConsoleOutput))
#18 C:\\D\\xampp\\htdocs\\TTTD_KTPM_Clone2\\vendor\\symfony\\console\\Application.php(194): Symfony\\Component\\Console\\Application->doRun(Object(Symfony\\Component\\Console\\Input\\ArgvInput), Object(Symfony\\Component\\Console\\Output\\ConsoleOutput))
#19 C:\\D\\xampp\\htdocs\\TTTD_KTPM_Clone2\\vendor\\laravel\\framework\\src\\Illuminate\\Foundation\\Console\\Kernel.php(198): Symfony\\Component\\Console\\Application->run(Object(Symfony\\Component\\Console\\Input\\ArgvInput), Object(Symfony\\Component\\Console\\Output\\ConsoleOutput))
#20 C:\\D\\xampp\\htdocs\\TTTD_KTPM_Clone2\\artisan(35): Illuminate\\Foundation\\Console\\Kernel->handle(Object(Symfony\\Component\\Console\\Input\\ArgvInput), Object(Symfony\\Component\\Console\\Output\\ConsoleOutput))
#21 {main}

[previous exception] [object] (ReflectionException(code: -1): Class \"Webkul\\\\Theme\\\\Database\\\\Seeders\\\\DatabaseSeeder\" does not exist at C:\\D\\xampp\\htdocs\\TTTD_KTPM_Clone2\\vendor\\laravel\\framework\\src\\Illuminate\\Container\\Container.php:959)
[stacktrace]
#0 C:\\D\\xampp\\htdocs\\TTTD_KTPM_Clone2\\vendor\\laravel\\framework\\src\\Illuminate\\Container\\Container.php(959): ReflectionClass->__construct('Webkul\\\\\\\\Theme\\\\\\\\...')
#1 C:\\D\\xampp\\htdocs\\TTTD_KTPM_Clone2\\vendor\\laravel\\framework\\src\\Illuminate\\Container\\Container.php(832): Illuminate\\Container\\Container->build('Webkul\\\\\\\\Theme\\\\\\\\...')
#2 C:\\D\\xampp\\htdocs\\TTTD_KTPM_Clone2\\vendor\\laravel\\framework\\src\\Illuminate\\Foundation\\Application.php(1078): Illuminate\\Container\\Container->resolve('Webkul\\\\\\\\Theme\\\\\\\\...', Array, true)
#3 C:\\D\\xampp\\htdocs\\TTTD_KTPM_Clone2\\vendor\\laravel\\framework\\src\\Illuminate\\Container\\Container.php(763): Illuminate\\Foundation\\Application->resolve('Webkul\\\\\\\\Theme\\\\\\\\...', Array)
#4 C:\\D\\xampp\\htdocs\\TTTD_KTPM_Clone2\\vendor\\laravel\\framework\\src\\Illuminate\\Foundation\\Application.php(1058): Illuminate\\Container\\Container->make('Webkul\\\\\\\\Theme\\\\\\\\...', Array)
#5 C:\\D\\xampp\\htdocs\\TTTD_KTPM_Clone2\\vendor\\laravel\\framework\\src\\Illuminate\\Database\\Console\\Seeds\\SeedCommand.php(98): Illuminate\\Foundation\\Application->make('Webkul\\\\\\\\Theme\\\\\\\\...')
#6 C:\\D\\xampp\\htdocs\\TTTD_KTPM_Clone2\\vendor\\laravel\\framework\\src\\Illuminate\\Database\\Console\\Seeds\\SeedCommand.php(70): Illuminate\\Database\\Console\\Seeds\\SeedCommand->getSeeder()
#7 C:\\D\\xampp\\htdocs\\TTTD_KTPM_Clone2\\vendor\\laravel\\framework\\src\\Illuminate\\Database\\Eloquent\\Concerns\\GuardsAttributes.php(155): Illuminate\\Database\\Console\\Seeds\\SeedCommand->Illuminate\\Database\\Console\\Seeds\\{closure}()
#8 C:\\D\\xampp\\htdocs\\TTTD_KTPM_Clone2\\vendor\\laravel\\framework\\src\\Illuminate\\Database\\Console\\Seeds\\SeedCommand.php(69): Illuminate\\Database\\Eloquent\\Model::unguarded(Object(Closure))
#9 C:\\D\\xampp\\htdocs\\TTTD_KTPM_Clone2\\vendor\\laravel\\framework\\src\\Illuminate\\Container\\BoundMethod.php(36): Illuminate\\Database\\Console\\Seeds\\SeedCommand->handle()
#10 C:\\D\\xampp\\htdocs\\TTTD_KTPM_Clone2\\vendor\\laravel\\framework\\src\\Illuminate\\Container\\Util.php(43): Illuminate\\Container\\BoundMethod::Illuminate\\Container\\{closure}()
#11 C:\\D\\xampp\\htdocs\\TTTD_KTPM_Clone2\\vendor\\laravel\\framework\\src\\Illuminate\\Container\\BoundMethod.php(95): Illuminate\\Container\\Util::unwrapIfClosure(Object(Closure))
#12 C:\\D\\xampp\\htdocs\\TTTD_KTPM_Clone2\\vendor\\laravel\\framework\\src\\Illuminate\\Container\\BoundMethod.php(35): Illuminate\\Container\\BoundMethod::callBoundMethod(Object(Illuminate\\Foundation\\Application), Array, Object(Closure))
#13 C:\\D\\xampp\\htdocs\\TTTD_KTPM_Clone2\\vendor\\laravel\\framework\\src\\Illuminate\\Container\\Container.php(696): Illuminate\\Container\\BoundMethod::call(Object(Illuminate\\Foundation\\Application), Array, Array, NULL)
#14 C:\\D\\xampp\\htdocs\\TTTD_KTPM_Clone2\\vendor\\laravel\\framework\\src\\Illuminate\\Console\\Command.php(213): Illuminate\\Container\\Container->call(Array)
#15 C:\\D\\xampp\\htdocs\\TTTD_KTPM_Clone2\\vendor\\symfony\\console\\Command\\Command.php(318): Illuminate\\Console\\Command->execute(Object(Symfony\\Component\\Console\\Input\\ArgvInput), Object(Illuminate\\Console\\OutputStyle))
#16 C:\\D\\xampp\\htdocs\\TTTD_KTPM_Clone2\\vendor\\laravel\\framework\\src\\Illuminate\\Console\\Command.php(182): Symfony\\Component\\Console\\Command\\Command->run(Object(Symfony\\Component\\Console\\Input\\ArgvInput), Object(Illuminate\\Console\\OutputStyle))
#17 C:\\D\\xampp\\htdocs\\TTTD_KTPM_Clone2\\vendor\\symfony\\console\\Application.php(1110): Illuminate\\Console\\Command->run(Object(Symfony\\Component\\Console\\Input\\ArgvInput), Object(Symfony\\Component\\Console\\Output\\ConsoleOutput))
#18 C:\\D\\xampp\\htdocs\\TTTD_KTPM_Clone2\\vendor\\symfony\\console\\Application.php(359): Symfony\\Component\\Console\\Application->doRunCommand(Object(Illuminate\\Database\\Console\\Seeds\\SeedCommand), Object(Symfony\\Component\\Console\\Input\\ArgvInput), Object(Symfony\\Component\\Console\\Output\\ConsoleOutput))
#19 C:\\D\\xampp\\htdocs\\TTTD_KTPM_Clone2\\vendor\\symfony\\console\\Application.php(194): Symfony\\Component\\Console\\Application->doRun(Object(Symfony\\Component\\Console\\Input\\ArgvInput), Object(Symfony\\Component\\Console\\Output\\ConsoleOutput))
#20 C:\\D\\xampp\\htdocs\\TTTD_KTPM_Clone2\\vendor\\laravel\\framework\\src\\Illuminate\\Foundation\\Console\\Kernel.php(198): Symfony\\Component\\Console\\Application->run(Object(Symfony\\Component\\Console\\Input\\ArgvInput), Object(Symfony\\Component\\Console\\Output\\ConsoleOutput))
#21 C:\\D\\xampp\\htdocs\\TTTD_KTPM_Clone2\\artisan(35): Illuminate\\Foundation\\Console\\Kernel->handle(Object(Symfony\\Component\\Console\\Input\\ArgvInput), Object(Symfony\\Component\\Console\\Output\\ConsoleOutput))
#22 {main}
"} 
[2025-12-07 16:26:06] local.ERROR: Konekt\Concord\Proxies\ModelProxy::targetClass(): Return value must be of type string, null returned {"exception":"[object] (TypeError(code: 0): Konekt\\Concord\\Proxies\\ModelProxy::targetClass(): Return value must be of type string, null returned at C:\\D\\xampp\\htdocs\\TTTD_KTPM_Clone2\\vendor\\konekt\\concord\\src\\Proxies\\ModelProxy.php:70)
[stacktrace]
#0 C:\\D\\xampp\\htdocs\\TTTD_KTPM_Clone2\\vendor\\konekt\\concord\\src\\Proxies\\BaseProxy.php(75): Konekt\\Concord\\Proxies\\ModelProxy->targetClass()
#1 C:\\D\\xampp\\htdocs\\TTTD_KTPM_Clone2\\packages\\Webkul\\Category\\src\\Providers\\CategoryServiceProvider.php(18): Konekt\\Concord\\Proxies\\BaseProxy::__callStatic('observe', Array)
#2 C:\\D\\xampp\\htdocs\\TTTD_KTPM_Clone2\\vendor\\laravel\\framework\\src\\Illuminate\\Container\\BoundMethod.php(36): Webkul\\Category\\Providers\\CategoryServiceProvider->boot()
#3 C:\\D\\xampp\\htdocs\\TTTD_KTPM_Clone2\\vendor\\laravel\\framework\\src\\Illuminate\\Container\\Util.php(43): Illuminate\\Container\\BoundMethod::Illuminate\\Container\\{closure}()
#4 C:\\D\\xampp\\htdocs\\TTTD_KTPM_Clone2\\vendor\\laravel\\framework\\src\\Illuminate\\Container\\BoundMethod.php(95): Illuminate\\Container\\Util::unwrapIfClosure(Object(Closure))
#5 C:\\D\\xampp\\htdocs\\TTTD_KTPM_Clone2\\vendor\\laravel\\framework\\src\\Illuminate\\Container\\BoundMethod.php(35): Illuminate\\Container\\BoundMethod::callBoundMethod(Object(Illuminate\\Foundation\\Application), Array, Object(Closure))
#6 C:\\D\\xampp\\htdocs\\TTTD_KTPM_Clone2\\vendor\\laravel\\framework\\src\\Illuminate\\Container\\Container.php(696): Illuminate\\Container\\BoundMethod::call(Object(Illuminate\\Foundation\\Application), Array, Array, NULL)
#7 C:\\D\\xampp\\htdocs\\TTTD_KTPM_Clone2\\vendor\\laravel\\framework\\src\\Illuminate\\Foundation\\Application.php(1151): Illuminate\\Container\\Container->call(Array)
#8 C:\\D\\xampp\\htdocs\\TTTD_KTPM_Clone2\\vendor\\laravel\\framework\\src\\Illuminate\\Foundation\\Application.php(1132): Illuminate\\Foundation\\Application->bootProvider(Object(Webkul\\Category\\Providers\\CategoryServiceProvider))
#9 [internal function]: Illuminate\\Foundation\\Application->Illuminate\\Foundation\\{closure}(Object(Webkul\\Category\\Providers\\CategoryServiceProvider), 'Webkul\\\\Category...')
#10 C:\\D\\xampp\\htdocs\\TTTD_KTPM_Clone2\\vendor\\laravel\\framework\\src\\Illuminate\\Foundation\\Application.php(1131): array_walk(Array, Object(Closure))
#11 C:\\D\\xampp\\htdocs\\TTTD_KTPM_Clone2\\vendor\\laravel\\framework\\src\\Illuminate\\Foundation\\Bootstrap\\BootProviders.php(17): Illuminate\\Foundation\\Application->boot()
#12 C:\\D\\xampp\\htdocs\\TTTD_KTPM_Clone2\\vendor\\laravel\\framework\\src\\Illuminate\\Foundation\\Application.php(342): Illuminate\\Foundation\\Bootstrap\\BootProviders->bootstrap(Object(Illuminate\\Foundation\\Application))
#13 C:\\D\\xampp\\htdocs\\TTTD_KTPM_Clone2\\vendor\\laravel\\framework\\src\\Illuminate\\Foundation\\Console\\Kernel.php(474): Illuminate\\Foundation\\Application->bootstrapWith(Array)
#14 C:\\D\\xampp\\htdocs\\TTTD_KTPM_Clone2\\vendor\\laravel\\framework\\src\\Illuminate\\Foundation\\Console\\Kernel.php(196): Illuminate\\Foundation\\Console\\Kernel->bootstrap()
#15 C:\\D\\xampp\\htdocs\\TTTD_KTPM_Clone2\\artisan(35): Illuminate\\Foundation\\Console\\Kernel->handle(Object(Symfony\\Component\\Console\\Input\\ArgvInput), Object(Symfony\\Component\\Console\\Output\\ConsoleOutput))
#16 {main}
"} 
[2025-12-07 16:34:49] local.ERROR: Command "bagisto:publish" is not defined.

Did you mean one of these?
    bagisto:fake
    bagisto:install
    bagisto:version
    config:publish
    lang:publish
    stub:publish
    vendor:publish {"exception":"[object] (Symfony\\Component\\Console\\Exception\\CommandNotFoundException(code: 0): Command \"bagisto:publish\" is not defined.

Did you mean one of these?
    bagisto:fake
    bagisto:install
    bagisto:version
    config:publish
    lang:publish
    stub:publish
    vendor:publish at C:\\D\\xampp\\htdocs\\TTTD_KTPM_Clone2\\vendor\\symfony\\console\\Application.php:743)
[stacktrace]
#0 C:\\D\\xampp\\htdocs\\TTTD_KTPM_Clone2\\vendor\\symfony\\console\\Application.php(301): Symfony\\Component\\Console\\Application->find('bagisto:publish')
#1 C:\\D\\xampp\\htdocs\\TTTD_KTPM_Clone2\\vendor\\symfony\\console\\Application.php(194): Symfony\\Component\\Console\\Application->doRun(Object(Symfony\\Component\\Console\\Input\\ArgvInput), Object(Symfony\\Component\\Console\\Output\\ConsoleOutput))
#2 C:\\D\\xampp\\htdocs\\TTTD_KTPM_Clone2\\vendor\\laravel\\framework\\src\\Illuminate\\Foundation\\Console\\Kernel.php(198): Symfony\\Component\\Console\\Application->run(Object(Symfony\\Component\\Console\\Input\\ArgvInput), Object(Symfony\\Component\\Console\\Output\\ConsoleOutput))
#3 C:\\D\\xampp\\htdocs\\TTTD_KTPM_Clone2\\artisan(35): Illuminate\\Foundation\\Console\\Kernel->handle(Object(Symfony\\Component\\Console\\Input\\ArgvInput), Object(Symfony\\Component\\Console\\Output\\ConsoleOutput))
#4 {main}
"} 
[2025-12-07 16:38:17] local.ERROR: View [layouts.master] not found. (View: C:\D\xampp\htdocs\TTTD_KTPM_Clone2\resources\themes\default\views\home\index.blade.php) {"exception":"[object] (Illuminate\\View\\ViewException(code: 0): View [layouts.master] not found. (View: C:\\D\\xampp\\htdocs\\TTTD_KTPM_Clone2\\resources\\themes\\default\\views\\home\\index.blade.php) at C:\\D\\xampp\\htdocs\\TTTD_KTPM_Clone2\\vendor\\laravel\\framework\\src\\Illuminate\\View\\FileViewFinder.php:139)
[stacktrace]
#0 C:\\D\\xampp\\htdocs\\TTTD_KTPM_Clone2\\vendor\\laravel\\framework\\src\\Illuminate\\View\\Engines\\PhpEngine.php(60): Illuminate\\View\\Engines\\CompilerEngine->handleViewException(Object(InvalidArgumentException), 1)
#1 C:\\D\\xampp\\htdocs\\TTTD_KTPM_Clone2\\vendor\\laravel\\framework\\src\\Illuminate\\View\\Engines\\CompilerEngine.php(75): Illuminate\\View\\Engines\\PhpEngine->evaluatePath('C:\\\\D\\\\xampp\\\\htdo...', Array)
#2 C:\\D\\xampp\\htdocs\\TTTD_KTPM_Clone2\\vendor\\laravel\\framework\\src\\Illuminate\\View\\View.php(209): Illuminate\\View\\Engines\\CompilerEngine->get('C:\\\\D\\\\xampp\\\\htdo...', Array)
#3 C:\\D\\xampp\\htdocs\\TTTD_KTPM_Clone2\\vendor\\laravel\\framework\\src\\Illuminate\\View\\View.php(192): Illuminate\\View\\View->getContents()
#4 C:\\D\\xampp\\htdocs\\TTTD_KTPM_Clone2\\vendor\\laravel\\framework\\src\\Illuminate\\View\\View.php(161): Illuminate\\View\\View->renderContents()
#5 C:\\D\\xampp\\htdocs\\TTTD_KTPM_Clone2\\vendor\\laravel\\framework\\src\\Illuminate\\Http\\Response.php(79): Illuminate\\View\\View->render()
#6 C:\\D\\xampp\\htdocs\\TTTD_KTPM_Clone2\\vendor\\laravel\\framework\\src\\Illuminate\\Http\\Response.php(35): Illuminate\\Http\\Response->setContent(Object(Illuminate\\View\\View))
#7 C:\\D\\xampp\\htdocs\\TTTD_KTPM_Clone2\\vendor\\laravel\\framework\\src\\Illuminate\\Routing\\Router.php(920): Illuminate\\Http\\Response->__construct(Object(Illuminate\\View\\View), 200, Array)
#8 C:\\D\\xampp\\htdocs\\TTTD_KTPM_Clone2\\vendor\\laravel\\framework\\src\\Illuminate\\Routing\\Router.php(887): Illuminate\\Routing\\Router::toResponse(Object(Illuminate\\Http\\Request), Object(Illuminate\\View\\View))
#9 C:\\D\\xampp\\htdocs\\TTTD_KTPM_Clone2\\vendor\\laravel\\framework\\src\\Illuminate\\Routing\\Router.php(807): Illuminate\\Routing\\Router->prepareResponse(Object(Illuminate\\Http\\Request), Object(Illuminate\\View\\View))
#10 C:\\D\\xampp\\htdocs\\TTTD_KTPM_Clone2\\vendor\\laravel\\framework\\src\\Illuminate\\Pipeline\\Pipeline.php(170): Illuminate\\Routing\\Router->Illuminate\\Routing\\{closure}(Object(Illuminate\\Http\\Request))
#11 C:\\D\\xampp\\htdocs\\TTTD_KTPM_Clone2\\vendor\\spatie\\laravel-responsecache\\src\\Middlewares\\CacheResponse.php(46): Illuminate\\Pipeline\\Pipeline->Illuminate\\Pipeline\\{closure}(Object(Illuminate\\Http\\Request))
#12 C:\\D\\xampp\\htdocs\\TTTD_KTPM_Clone2\\packages\\Webkul\\Shop\\src\\Http\\Middleware\\CacheResponse.php(36): Spatie\\ResponseCache\\Middlewares\\CacheResponse->handle(Object(Illuminate\\Http\\Request), Object(Closure))
#13 C:\\D\\xampp\\htdocs\\TTTD_KTPM_Clone2\\vendor\\laravel\\framework\\src\\Illuminate\\Pipeline\\Pipeline.php(209): Webkul\\Shop\\Http\\Middleware\\CacheResponse->handle(Object(Illuminate\\Http\\Request), Object(Closure))
#14 C:\\D\\xampp\\htdocs\\TTTD_KTPM_Clone2\\packages\\Webkul\\Core\\src\\Http\\Middleware\\PreventRequestsDuringMaintenance.php(109): Illuminate\\Pipeline\\Pipeline->Illuminate\\Pipeline\\{closure}(Object(Illuminate\\Http\\Request))
#15 C:\\D\\xampp\\htdocs\\TTTD_KTPM_Clone2\\vendor\\laravel\\framework\\src\\Illuminate\\Pipeline\\Pipeline.php(209): Webkul\\Core\\Http\\Middleware\\PreventRequestsDuringMaintenance->handle(Object(Illuminate\\Http\\Request), Object(Closure))
#16 C:\\D\\xampp\\htdocs\\TTTD_KTPM_Clone2\\packages\\Webkul\\Shop\\src\\Http\\Middleware\\Currency.php(40): Illuminate\\Pipeline\\Pipeline->Illuminate\\Pipeline\\{closure}(Object(Illuminate\\Http\\Request))
#17 C:\\D\\xampp\\htdocs\\TTTD_KTPM_Clone2\\vendor\\laravel\\framework\\src\\Illuminate\\Pipeline\\Pipeline.php(209): Webkul\\Shop\\Http\\Middleware\\Currency->handle(Object(Illuminate\\Http\\Request), Object(Closure))
#18 C:\\D\\xampp\\htdocs\\TTTD_KTPM_Clone2\\packages\\Webkul\\Shop\\src\\Http\\Middleware\\Locale.php(40): Illuminate\\Pipeline\\Pipeline->Illuminate\\Pipeline\\{closure}(Object(Illuminate\\Http\\Request))
#19 C:\\D\\xampp\\htdocs\\TTTD_KTPM_Clone2\\vendor\\laravel\\framework\\src\\Illuminate\\Pipeline\\Pipeline.php(209): Webkul\\Shop\\Http\\Middleware\\Locale->handle(Object(Illuminate\\Http\\Request), Object(Closure))
#20 C:\\D\\xampp\\htdocs\\TTTD_KTPM_Clone2\\packages\\Webkul\\Shop\\src\\Http\\Middleware\\Theme.php(32): Illuminate\\Pipeline\\Pipeline->Illuminate\\Pipeline\\{closure}(Object(Illuminate\\Http\\Request))
#21 C:\\D\\xampp\\htdocs\\TTTD_KTPM_Clone2\\vendor\\laravel\\framework\\src\\Illuminate\\Pipeline\\Pipeline.php(209): Webkul\\Shop\\Http\\Middleware\\Theme->handle(Object(Illuminate\\Http\\Request), Object(Closure))
#22 C:\\D\\xampp\\htdocs\\TTTD_KTPM_Clone2\\vendor\\barryvdh\\laravel-debugbar\\src\\Middleware\\InjectDebugbar.php(66): Illuminate\\Pipeline\\Pipeline->Illuminate\\Pipeline\\{closure}(Object(Illuminate\\Http\\Request))
#23 C:\\D\\xampp\\htdocs\\TTTD_KTPM_Clone2\\vendor\\laravel\\framework\\src\\Illuminate\\Pipeline\\Pipeline.php(209): Barryvdh\\Debugbar\\Middleware\\InjectDebugbar->handle(Object(Illuminate\\Http\\Request), Object(Closure))
#24 C:\\D\\xampp\\htdocs\\TTTD_KTPM_Clone2\\vendor\\laravel\\framework\\src\\Illuminate\\Routing\\Middleware\\SubstituteBindings.php(51): Illuminate\\Pipeline\\Pipeline->Illuminate\\Pipeline\\{closure}(Object(Illuminate\\Http\\Request))
#25 C:\\D\\xampp\\htdocs\\TTTD_KTPM_Clone2\\vendor\\laravel\\framework\\src\\Illuminate\\Pipeline\\Pipeline.php(209): Illuminate\\Routing\\Middleware\\SubstituteBindings->handle(Object(Illuminate\\Http\\Request), Object(Closure))
#26 C:\\D\\xampp\\htdocs\\TTTD_KTPM_Clone2\\vendor\\laravel\\framework\\src\\Illuminate\\Foundation\\Http\\Middleware\\VerifyCsrfToken.php(88): Illuminate\\Pipeline\\Pipeline->Illuminate\\Pipeline\\{closure}(Object(Illuminate\\Http\\Request))
#27 C:\\D\\xampp\\htdocs\\TTTD_KTPM_Clone2\\vendor\\laravel\\framework\\src\\Illuminate\\Pipeline\\Pipeline.php(209): Illuminate\\Foundation\\Http\\Middleware\\VerifyCsrfToken->handle(Object(Illuminate\\Http\\Request), Object(Closure))
#28 C:\\D\\xampp\\htdocs\\TTTD_KTPM_Clone2\\vendor\\laravel\\framework\\src\\Illuminate\\View\\Middleware\\ShareErrorsFromSession.php(49): Illuminate\\Pipeline\\Pipeline->Illuminate\\Pipeline\\{closure}(Object(Illuminate\\Http\\Request))
#29 C:\\D\\xampp\\htdocs\\TTTD_KTPM_Clone2\\vendor\\laravel\\framework\\src\\Illuminate\\Pipeline\\Pipeline.php(209): Illuminate\\View\\Middleware\\ShareErrorsFromSession->handle(Object(Illuminate\\Http\\Request), Object(Closure))
#30 C:\\D\\xampp\\htdocs\\TTTD_KTPM_Clone2\\vendor\\laravel\\framework\\src\\Illuminate\\Session\\Middleware\\StartSession.php(121): Illuminate\\Pipeline\\Pipeline->Illuminate\\Pipeline\\{closure}(Object(Illuminate\\Http\\Request))
#31 C:\\D\\xampp\\htdocs\\TTTD_KTPM_Clone2\\vendor\\laravel\\framework\\src\\Illuminate\\Session\\Middleware\\StartSession.php(64): Illuminate\\Session\\Middleware\\StartSession->handleStatefulRequest(Object(Illuminate\\Http\\Request), Object(Illuminate\\Session\\Store), Object(Closure))
#32 C:\\D\\xampp\\htdocs\\TTTD_KTPM_Clone2\\vendor\\laravel\\framework\\src\\Illuminate\\Pipeline\\Pipeline.php(209): Illuminate\\Session\\Middleware\\StartSession->handle(Object(Illuminate\\Http\\Request), Object(Closure))
#33 C:\\D\\xampp\\htdocs\\TTTD_KTPM_Clone2\\vendor\\laravel\\framework\\src\\Illuminate\\Cookie\\Middleware\\AddQueuedCookiesToResponse.php(37): Illuminate\\Pipeline\\Pipeline->Illuminate\\Pipeline\\{closure}(Object(Illuminate\\Http\\Request))
#34 C:\\D\\xampp\\htdocs\\TTTD_KTPM_Clone2\\vendor\\laravel\\framework\\src\\Illuminate\\Pipeline\\Pipeline.php(209): Illuminate\\Cookie\\Middleware\\AddQueuedCookiesToResponse->handle(Object(Illuminate\\Http\\Request), Object(Closure))
#35 C:\\D\\xampp\\htdocs\\TTTD_KTPM_Clone2\\vendor\\laravel\\framework\\src\\Illuminate\\Cookie\\Middleware\\EncryptCookies.php(75): Illuminate\\Pipeline\\Pipeline->Illuminate\\Pipeline\\{closure}(Object(Illuminate\\Http\\Request))
#36 C:\\D\\xampp\\htdocs\\TTTD_KTPM_Clone2\\vendor\\laravel\\framework\\src\\Illuminate\\Pipeline\\Pipeline.php(209): Illuminate\\Cookie\\Middleware\\EncryptCookies->handle(Object(Illuminate\\Http\\Request), Object(Closure))
#37 C:\\D\\xampp\\htdocs\\TTTD_KTPM_Clone2\\vendor\\laravel\\framework\\src\\Illuminate\\Pipeline\\Pipeline.php(127): Illuminate\\Pipeline\\Pipeline->Illuminate\\Pipeline\\{closure}(Object(Illuminate\\Http\\Request))
#38 C:\\D\\xampp\\htdocs\\TTTD_KTPM_Clone2\\vendor\\laravel\\framework\\src\\Illuminate\\Routing\\Router.php(807): Illuminate\\Pipeline\\Pipeline->then(Object(Closure))
#39 C:\\D\\xampp\\htdocs\\TTTD_KTPM_Clone2\\vendor\\laravel\\framework\\src\\Illuminate\\Routing\\Router.php(786): Illuminate\\Routing\\Router->runRouteWithinStack(Object(Illuminate\\Routing\\Route), Object(Illuminate\\Http\\Request))
#40 C:\\D\\xampp\\htdocs\\TTTD_KTPM_Clone2\\vendor\\laravel\\framework\\src\\Illuminate\\Routing\\Router.php(750): Illuminate\\Routing\\Router->runRoute(Object(Illuminate\\Http\\Request), Object(Illuminate\\Routing\\Route))
#41 C:\\D\\xampp\\htdocs\\TTTD_KTPM_Clone2\\vendor\\laravel\\framework\\src\\Illuminate\\Routing\\Router.php(739): Illuminate\\Routing\\Router->dispatchToRoute(Object(Illuminate\\Http\\Request))
#42 C:\\D\\xampp\\htdocs\\TTTD_KTPM_Clone2\\vendor\\laravel\\framework\\src\\Illuminate\\Foundation\\Http\\Kernel.php(201): Illuminate\\Routing\\Router->dispatch(Object(Illuminate\\Http\\Request))
#43 C:\\D\\xampp\\htdocs\\TTTD_KTPM_Clone2\\vendor\\laravel\\framework\\src\\Illuminate\\Pipeline\\Pipeline.php(170): Illuminate\\Foundation\\Http\\Kernel->Illuminate\\Foundation\\Http\\{closure}(Object(Illuminate\\Http\\Request))
#44 C:\\D\\xampp\\htdocs\\TTTD_KTPM_Clone2\\vendor\\barryvdh\\laravel-debugbar\\src\\Middleware\\InjectDebugbar.php(66): Illuminate\\Pipeline\\Pipeline->Illuminate\\Pipeline\\{closure}(Object(Illuminate\\Http\\Request))
#45 C:\\D\\xampp\\htdocs\\TTTD_KTPM_Clone2\\vendor\\laravel\\framework\\src\\Illuminate\\Pipeline\\Pipeline.php(209): Barryvdh\\Debugbar\\Middleware\\InjectDebugbar->handle(Object(Illuminate\\Http\\Request), Object(Closure))
#46 C:\\D\\xampp\\htdocs\\TTTD_KTPM_Clone2\\packages\\Webkul\\Installer\\src\\Http\\Middleware\\CanInstall.php(30): Illuminate\\Pipeline\\Pipeline->Illuminate\\Pipeline\\{closure}(Object(Illuminate\\Http\\Request))
#47 C:\\D\\xampp\\htdocs\\TTTD_KTPM_Clone2\\vendor\\laravel\\framework\\src\\Illuminate\\Pipeline\\Pipeline.php(209): Webkul\\Installer\\Http\\Middleware\\CanInstall->handle(Object(Illuminate\\Http\\Request), Object(Closure))
#48 C:\\D\\xampp\\htdocs\\TTTD_KTPM_Clone2\\packages\\Webkul\\Core\\src\\Http\\Middleware\\SecureHeaders.php(29): Illuminate\\Pipeline\\Pipeline->Illuminate\\Pipeline\\{closure}(Object(Illuminate\\Http\\Request))
#49 C:\\D\\xampp\\htdocs\\TTTD_KTPM_Clone2\\vendor\\laravel\\framework\\src\\Illuminate\\Pipeline\\Pipeline.php(209): Webkul\\Core\\Http\\Middleware\\SecureHeaders->handle(Object(Illuminate\\Http\\Request), Object(Closure))
#50 C:\\D\\xampp\\htdocs\\TTTD_KTPM_Clone2\\vendor\\laravel\\framework\\src\\Illuminate\\Foundation\\Http\\Middleware\\TransformsRequest.php(21): Illuminate\\Pipeline\\Pipeline->Illuminate\\Pipeline\\{closure}(Object(Illuminate\\Http\\Request))
#51 C:\\D\\xampp\\htdocs\\TTTD_KTPM_Clone2\\vendor\\laravel\\framework\\src\\Illuminate\\Foundation\\Http\\Middleware\\TrimStrings.php(51): Illuminate\\Foundation\\Http\\Middleware\\TransformsRequest->handle(Object(Illuminate\\Http\\Request), Object(Closure))
#52 C:\\D\\xampp\\htdocs\\TTTD_KTPM_Clone2\\vendor\\laravel\\framework\\src\\Illuminate\\Pipeline\\Pipeline.php(209): Illuminate\\Foundation\\Http\\Middleware\\TrimStrings->handle(Object(Illuminate\\Http\\Request), Object(Closure))
#53 C:\\D\\xampp\\htdocs\\TTTD_KTPM_Clone2\\vendor\\laravel\\framework\\src\\Illuminate\\Http\\Middleware\\ValidatePostSize.php(27): Illuminate\\Pipeline\\Pipeline->Illuminate\\Pipeline\\{closure}(Object(Illuminate\\Http\\Request))
#54 C:\\D\\xampp\\htdocs\\TTTD_KTPM_Clone2\\vendor\\laravel\\framework\\src\\Illuminate\\Pipeline\\Pipeline.php(209): Illuminate\\Http\\Middleware\\ValidatePostSize->handle(Object(Illuminate\\Http\\Request), Object(Closure))
#55 C:\\D\\xampp\\htdocs\\TTTD_KTPM_Clone2\\vendor\\laravel\\framework\\src\\Illuminate\\Http\\Middleware\\HandleCors.php(49): Illuminate\\Pipeline\\Pipeline->Illuminate\\Pipeline\\{closure}(Object(Illuminate\\Http\\Request))
#56 C:\\D\\xampp\\htdocs\\TTTD_KTPM_Clone2\\vendor\\laravel\\framework\\src\\Illuminate\\Pipeline\\Pipeline.php(209): Illuminate\\Http\\Middleware\\HandleCors->handle(Object(Illuminate\\Http\\Request), Object(Closure))
#57 C:\\D\\xampp\\htdocs\\TTTD_KTPM_Clone2\\vendor\\laravel\\framework\\src\\Illuminate\\Http\\Middleware\\TrustProxies.php(58): Illuminate\\Pipeline\\Pipeline->Illuminate\\Pipeline\\{closure}(Object(Illuminate\\Http\\Request))
#58 C:\\D\\xampp\\htdocs\\TTTD_KTPM_Clone2\\vendor\\laravel\\framework\\src\\Illuminate\\Pipeline\\Pipeline.php(209): Illuminate\\Http\\Middleware\\TrustProxies->handle(Object(Illuminate\\Http\\Request), Object(Closure))
#59 C:\\D\\xampp\\htdocs\\TTTD_KTPM_Clone2\\vendor\\laravel\\framework\\src\\Illuminate\\Foundation\\Http\\Middleware\\InvokeDeferredCallbacks.php(22): Illuminate\\Pipeline\\Pipeline->Illuminate\\Pipeline\\{closure}(Object(Illuminate\\Http\\Request))
#60 C:\\D\\xampp\\htdocs\\TTTD_KTPM_Clone2\\vendor\\laravel\\framework\\src\\Illuminate\\Pipeline\\Pipeline.php(209): Illuminate\\Foundation\\Http\\Middleware\\InvokeDeferredCallbacks->handle(Object(Illuminate\\Http\\Request), Object(Closure))
#61 C:\\D\\xampp\\htdocs\\TTTD_KTPM_Clone2\\vendor\\laravel\\framework\\src\\Illuminate\\Pipeline\\Pipeline.php(127): Illuminate\\Pipeline\\Pipeline->Illuminate\\Pipeline\\{closure}(Object(Illuminate\\Http\\Request))
#62 C:\\D\\xampp\\htdocs\\TTTD_KTPM_Clone2\\vendor\\laravel\\framework\\src\\Illuminate\\Foundation\\Http\\Kernel.php(176): Illuminate\\Pipeline\\Pipeline->then(Object(Closure))
#63 C:\\D\\xampp\\htdocs\\TTTD_KTPM_Clone2\\vendor\\laravel\\framework\\src\\Illuminate\\Foundation\\Http\\Kernel.php(145): Illuminate\\Foundation\\Http\\Kernel->sendRequestThroughRouter(Object(Illuminate\\Http\\Request))
#64 C:\\D\\xampp\\htdocs\\TTTD_KTPM_Clone2\\public\\index.php(51): Illuminate\\Foundation\\Http\\Kernel->handle(Object(Illuminate\\Http\\Request))
#65 C:\\D\\xampp\\htdocs\\TTTD_KTPM_Clone2\\vendor\\laravel\\framework\\src\\Illuminate\\Foundation\\resources\\server.php(23): require_once('C:\\\\D\\\\xampp\\\\htdo...')
#66 {main}

[previous exception] [object] (InvalidArgumentException(code: 0): View [layouts.master] not found. at C:\\D\\xampp\\htdocs\\TTTD_KTPM_Clone2\\vendor\\laravel\\framework\\src\\Illuminate\\View\\FileViewFinder.php:139)
[stacktrace]
#0 C:\\D\\xampp\\htdocs\\TTTD_KTPM_Clone2\\packages\\Webkul\\Theme\\src\\ThemeViewFinder.php(47): Illuminate\\View\\FileViewFinder->findInPaths('layouts.master', Array)
#1 C:\\D\\xampp\\htdocs\\TTTD_KTPM_Clone2\\vendor\\laravel\\framework\\src\\Illuminate\\View\\FileViewFinder.php(76): Webkul\\Theme\\ThemeViewFinder->findNamespacedView('shop::layouts.m...')
#2 C:\\D\\xampp\\htdocs\\TTTD_KTPM_Clone2\\vendor\\laravel\\framework\\src\\Illuminate\\View\\Factory.php(151): Illuminate\\View\\FileViewFinder->find('shop::layouts.m...')
#3 C:\\D\\xampp\\htdocs\\TTTD_KTPM_Clone2\\storage\\framework\\views\\10f065989579310dcf43668f2cae45e8.php(15): Illuminate\\View\\Factory->make('shop::layouts.m...', Array)
#4 C:\\D\\xampp\\htdocs\\TTTD_KTPM_Clone2\\vendor\\laravel\\framework\\src\\Illuminate\\Filesystem\\Filesystem.php(123): require('C:\\\\D\\\\xampp\\\\htdo...')
#5 C:\\D\\xampp\\htdocs\\TTTD_KTPM_Clone2\\vendor\\laravel\\framework\\src\\Illuminate\\Filesystem\\Filesystem.php(124): Illuminate\\Filesystem\\Filesystem::Illuminate\\Filesystem\\{closure}()
#6 C:\\D\\xampp\\htdocs\\TTTD_KTPM_Clone2\\vendor\\laravel\\framework\\src\\Illuminate\\View\\Engines\\PhpEngine.php(58): Illuminate\\Filesystem\\Filesystem->getRequire('C:\\\\D\\\\xampp\\\\htdo...', Array)
#7 C:\\D\\xampp\\htdocs\\TTTD_KTPM_Clone2\\vendor\\laravel\\framework\\src\\Illuminate\\View\\Engines\\CompilerEngine.php(75): Illuminate\\View\\Engines\\PhpEngine->evaluatePath('C:\\\\D\\\\xampp\\\\htdo...', Array)
#8 C:\\D\\xampp\\htdocs\\TTTD_KTPM_Clone2\\vendor\\laravel\\framework\\src\\Illuminate\\View\\View.php(209): Illuminate\\View\\Engines\\CompilerEngine->get('C:\\\\D\\\\xampp\\\\htdo...', Array)
#9 C:\\D\\xampp\\htdocs\\TTTD_KTPM_Clone2\\vendor\\laravel\\framework\\src\\Illuminate\\View\\View.php(192): Illuminate\\View\\View->getContents()
#10 C:\\D\\xampp\\htdocs\\TTTD_KTPM_Clone2\\vendor\\laravel\\framework\\src\\Illuminate\\View\\View.php(161): Illuminate\\View\\View->renderContents()
#11 C:\\D\\xampp\\htdocs\\TTTD_KTPM_Clone2\\vendor\\laravel\\framework\\src\\Illuminate\\Http\\Response.php(79): Illuminate\\View\\View->render()
#12 C:\\D\\xampp\\htdocs\\TTTD_KTPM_Clone2\\vendor\\laravel\\framework\\src\\Illuminate\\Http\\Response.php(35): Illuminate\\Http\\Response->setContent(Object(Illuminate\\View\\View))
#13 C:\\D\\xampp\\htdocs\\TTTD_KTPM_Clone2\\vendor\\laravel\\framework\\src\\Illuminate\\Routing\\Router.php(920): Illuminate\\Http\\Response->__construct(Object(Illuminate\\View\\View), 200, Array)
#14 C:\\D\\xampp\\htdocs\\TTTD_KTPM_Clone2\\vendor\\laravel\\framework\\src\\Illuminate\\Routing\\Router.php(887): Illuminate\\Routing\\Router::toResponse(Object(Illuminate\\Http\\Request), Object(Illuminate\\View\\View))
#15 C:\\D\\xampp\\htdocs\\TTTD_KTPM_Clone2\\vendor\\laravel\\framework\\src\\Illuminate\\Routing\\Router.php(807): Illuminate\\Routing\\Router->prepareResponse(Object(Illuminate\\Http\\Request), Object(Illuminate\\View\\View))
#16 C:\\D\\xampp\\htdocs\\TTTD_KTPM_Clone2\\vendor\\laravel\\framework\\src\\Illuminate\\Pipeline\\Pipeline.php(170): Illuminate\\Routing\\Router->Illuminate\\Routing\\{closure}(Object(Illuminate\\Http\\Request))
#17 C:\\D\\xampp\\htdocs\\TTTD_KTPM_Clone2\\vendor\\spatie\\laravel-responsecache\\src\\Middlewares\\CacheResponse.php(46): Illuminate\\Pipeline\\Pipeline->Illuminate\\Pipeline\\{closure}(Object(Illuminate\\Http\\Request))
#18 C:\\D\\xampp\\htdocs\\TTTD_KTPM_Clone2\\packages\\Webkul\\Shop\\src\\Http\\Middleware\\CacheResponse.php(36): Spatie\\ResponseCache\\Middlewares\\CacheResponse->handle(Object(Illuminate\\Http\\Request), Object(Closure))
#19 C:\\D\\xampp\\htdocs\\TTTD_KTPM_Clone2\\vendor\\laravel\\framework\\src\\Illuminate\\Pipeline\\Pipeline.php(209): Webkul\\Shop\\Http\\Middleware\\CacheResponse->handle(Object(Illuminate\\Http\\Request), Object(Closure))
#20 C:\\D\\xampp\\htdocs\\TTTD_KTPM_Clone2\\packages\\Webkul\\Core\\src\\Http\\Middleware\\PreventRequestsDuringMaintenance.php(109): Illuminate\\Pipeline\\Pipeline->Illuminate\\Pipeline\\{closure}(Object(Illuminate\\Http\\Request))
#21 C:\\D\\xampp\\htdocs\\TTTD_KTPM_Clone2\\vendor\\laravel\\framework\\src\\Illuminate\\Pipeline\\Pipeline.php(209): Webkul\\Core\\Http\\Middleware\\PreventRequestsDuringMaintenance->handle(Object(Illuminate\\Http\\Request), Object(Closure))
#22 C:\\D\\xampp\\htdocs\\TTTD_KTPM_Clone2\\packages\\Webkul\\Shop\\src\\Http\\Middleware\\Currency.php(40): Illuminate\\Pipeline\\Pipeline->Illuminate\\Pipeline\\{closure}(Object(Illuminate\\Http\\Request))
#23 C:\\D\\xampp\\htdocs\\TTTD_KTPM_Clone2\\vendor\\laravel\\framework\\src\\Illuminate\\Pipeline\\Pipeline.php(209): Webkul\\Shop\\Http\\Middleware\\Currency->handle(Object(Illuminate\\Http\\Request), Object(Closure))
#24 C:\\D\\xampp\\htdocs\\TTTD_KTPM_Clone2\\packages\\Webkul\\Shop\\src\\Http\\Middleware\\Locale.php(40): Illuminate\\Pipeline\\Pipeline->Illuminate\\Pipeline\\{closure}(Object(Illuminate\\Http\\Request))
#25 C:\\D\\xampp\\htdocs\\TTTD_KTPM_Clone2\\vendor\\laravel\\framework\\src\\Illuminate\\Pipeline\\Pipeline.php(209): Webkul\\Shop\\Http\\Middleware\\Locale->handle(Object(Illuminate\\Http\\Request), Object(Closure))
#26 C:\\D\\xampp\\htdocs\\TTTD_KTPM_Clone2\\packages\\Webkul\\Shop\\src\\Http\\Middleware\\Theme.php(32): Illuminate\\Pipeline\\Pipeline->Illuminate\\Pipeline\\{closure}(Object(Illuminate\\Http\\Request))
#27 C:\\D\\xampp\\htdocs\\TTTD_KTPM_Clone2\\vendor\\laravel\\framework\\src\\Illuminate\\Pipeline\\Pipeline.php(209): Webkul\\Shop\\Http\\Middleware\\Theme->handle(Object(Illuminate\\Http\\Request), Object(Closure))
#28 C:\\D\\xampp\\htdocs\\TTTD_KTPM_Clone2\\vendor\\barryvdh\\laravel-debugbar\\src\\Middleware\\InjectDebugbar.php(66): Illuminate\\Pipeline\\Pipeline->Illuminate\\Pipeline\\{closure}(Object(Illuminate\\Http\\Request))
#29 C:\\D\\xampp\\htdocs\\TTTD_KTPM_Clone2\\vendor\\laravel\\framework\\src\\Illuminate\\Pipeline\\Pipeline.php(209): Barryvdh\\Debugbar\\Middleware\\InjectDebugbar->handle(Object(Illuminate\\Http\\Request), Object(Closure))
#30 C:\\D\\xampp\\htdocs\\TTTD_KTPM_Clone2\\vendor\\laravel\\framework\\src\\Illuminate\\Routing\\Middleware\\SubstituteBindings.php(51): Illuminate\\Pipeline\\Pipeline->Illuminate\\Pipeline\\{closure}(Object(Illuminate\\Http\\Request))
#31 C:\\D\\xampp\\htdocs\\TTTD_KTPM_Clone2\\vendor\\laravel\\framework\\src\\Illuminate\\Pipeline\\Pipeline.php(209): Illuminate\\Routing\\Middleware\\SubstituteBindings->handle(Object(Illuminate\\Http\\Request), Object(Closure))
#32 C:\\D\\xampp\\htdocs\\TTTD_KTPM_Clone2\\vendor\\laravel\\framework\\src\\Illuminate\\Foundation\\Http\\Middleware\\VerifyCsrfToken.php(88): Illuminate\\Pipeline\\Pipeline->Illuminate\\Pipeline\\{closure}(Object(Illuminate\\Http\\Request))
#33 C:\\D\\xampp\\htdocs\\TTTD_KTPM_Clone2\\vendor\\laravel\\framework\\src\\Illuminate\\Pipeline\\Pipeline.php(209): Illuminate\\Foundation\\Http\\Middleware\\VerifyCsrfToken->handle(Object(Illuminate\\Http\\Request), Object(Closure))
#34 C:\\D\\xampp\\htdocs\\TTTD_KTPM_Clone2\\vendor\\laravel\\framework\\src\\Illuminate\\View\\Middleware\\ShareErrorsFromSession.php(49): Illuminate\\Pipeline\\Pipeline->Illuminate\\Pipeline\\{closure}(Object(Illuminate\\Http\\Request))
#35 C:\\D\\xampp\\htdocs\\TTTD_KTPM_Clone2\\vendor\\laravel\\framework\\src\\Illuminate\\Pipeline\\Pipeline.php(209): Illuminate\\View\\Middleware\\ShareErrorsFromSession->handle(Object(Illuminate\\Http\\Request), Object(Closure))
#36 C:\\D\\xampp\\htdocs\\TTTD_KTPM_Clone2\\vendor\\laravel\\framework\\src\\Illuminate\\Session\\Middleware\\StartSession.php(121): Illuminate\\Pipeline\\Pipeline->Illuminate\\Pipeline\\{closure}(Object(Illuminate\\Http\\Request))
#37 C:\\D\\xampp\\htdocs\\TTTD_KTPM_Clone2\\vendor\\laravel\\framework\\src\\Illuminate\\Session\\Middleware\\StartSession.php(64): Illuminate\\Session\\Middleware\\StartSession->handleStatefulRequest(Object(Illuminate\\Http\\Request), Object(Illuminate\\Session\\Store), Object(Closure))
#38 C:\\D\\xampp\\htdocs\\TTTD_KTPM_Clone2\\vendor\\laravel\\framework\\src\\Illuminate\\Pipeline\\Pipeline.php(209): Illuminate\\Session\\Middleware\\StartSession->handle(Object(Illuminate\\Http\\Request), Object(Closure))
#39 C:\\D\\xampp\\htdocs\\TTTD_KTPM_Clone2\\vendor\\laravel\\framework\\src\\Illuminate\\Cookie\\Middleware\\AddQueuedCookiesToResponse.php(37): Illuminate\\Pipeline\\Pipeline->Illuminate\\Pipeline\\{closure}(Object(Illuminate\\Http\\Request))
#40 C:\\D\\xampp\\htdocs\\TTTD_KTPM_Clone2\\vendor\\laravel\\framework\\src\\Illuminate\\Pipeline\\Pipeline.php(209): Illuminate\\Cookie\\Middleware\\AddQueuedCookiesToResponse->handle(Object(Illuminate\\Http\\Request), Object(Closure))
#41 C:\\D\\xampp\\htdocs\\TTTD_KTPM_Clone2\\vendor\\laravel\\framework\\src\\Illuminate\\Cookie\\Middleware\\EncryptCookies.php(75): Illuminate\\Pipeline\\Pipeline->Illuminate\\Pipeline\\{closure}(Object(Illuminate\\Http\\Request))
#42 C:\\D\\xampp\\htdocs\\TTTD_KTPM_Clone2\\vendor\\laravel\\framework\\src\\Illuminate\\Pipeline\\Pipeline.php(209): Illuminate\\Cookie\\Middleware\\EncryptCookies->handle(Object(Illuminate\\Http\\Request), Object(Closure))
#43 C:\\D\\xampp\\htdocs\\TTTD_KTPM_Clone2\\vendor\\laravel\\framework\\src\\Illuminate\\Pipeline\\Pipeline.php(127): Illuminate\\Pipeline\\Pipeline->Illuminate\\Pipeline\\{closure}(Object(Illuminate\\Http\\Request))
#44 C:\\D\\xampp\\htdocs\\TTTD_KTPM_Clone2\\vendor\\laravel\\framework\\src\\Illuminate\\Routing\\Router.php(807): Illuminate\\Pipeline\\Pipeline->then(Object(Closure))
#45 C:\\D\\xampp\\htdocs\\TTTD_KTPM_Clone2\\vendor\\laravel\\framework\\src\\Illuminate\\Routing\\Router.php(786): Illuminate\\Routing\\Router->runRouteWithinStack(Object(Illuminate\\Routing\\Route), Object(Illuminate\\Http\\Request))
#46 C:\\D\\xampp\\htdocs\\TTTD_KTPM_Clone2\\vendor\\laravel\\framework\\src\\Illuminate\\Routing\\Router.php(750): Illuminate\\Routing\\Router->runRoute(Object(Illuminate\\Http\\Request), Object(Illuminate\\Routing\\Route))
#47 C:\\D\\xampp\\htdocs\\TTTD_KTPM_Clone2\\vendor\\laravel\\framework\\src\\Illuminate\\Routing\\Router.php(739): Illuminate\\Routing\\Router->dispatchToRoute(Object(Illuminate\\Http\\Request))
#48 C:\\D\\xampp\\htdocs\\TTTD_KTPM_Clone2\\vendor\\laravel\\framework\\src\\Illuminate\\Foundation\\Http\\Kernel.php(201): Illuminate\\Routing\\Router->dispatch(Object(Illuminate\\Http\\Request))
#49 C:\\D\\xampp\\htdocs\\TTTD_KTPM_Clone2\\vendor\\laravel\\framework\\src\\Illuminate\\Pipeline\\Pipeline.php(170): Illuminate\\Foundation\\Http\\Kernel->Illuminate\\Foundation\\Http\\{closure}(Object(Illuminate\\Http\\Request))
#50 C:\\D\\xampp\\htdocs\\TTTD_KTPM_Clone2\\vendor\\barryvdh\\laravel-debugbar\\src\\Middleware\\InjectDebugbar.php(66): Illuminate\\Pipeline\\Pipeline->Illuminate\\Pipeline\\{closure}(Object(Illuminate\\Http\\Request))
#51 C:\\D\\xampp\\htdocs\\TTTD_KTPM_Clone2\\vendor\\laravel\\framework\\src\\Illuminate\\Pipeline\\Pipeline.php(209): Barryvdh\\Debugbar\\Middleware\\InjectDebugbar->handle(Object(Illuminate\\Http\\Request), Object(Closure))
#52 C:\\D\\xampp\\htdocs\\TTTD_KTPM_Clone2\\packages\\Webkul\\Installer\\src\\Http\\Middleware\\CanInstall.php(30): Illuminate\\Pipeline\\Pipeline->Illuminate\\Pipeline\\{closure}(Object(Illuminate\\Http\\Request))
#53 C:\\D\\xampp\\htdocs\\TTTD_KTPM_Clone2\\vendor\\laravel\\framework\\src\\Illuminate\\Pipeline\\Pipeline.php(209): Webkul\\Installer\\Http\\Middleware\\CanInstall->handle(Object(Illuminate\\Http\\Request), Object(Closure))
#54 C:\\D\\xampp\\htdocs\\TTTD_KTPM_Clone2\\packages\\Webkul\\Core\\src\\Http\\Middleware\\SecureHeaders.php(29): Illuminate\\Pipeline\\Pipeline->Illuminate\\Pipeline\\{closure}(Object(Illuminate\\Http\\Request))
#55 C:\\D\\xampp\\htdocs\\TTTD_KTPM_Clone2\\vendor\\laravel\\framework\\src\\Illuminate\\Pipeline\\Pipeline.php(209): Webkul\\Core\\Http\\Middleware\\SecureHeaders->handle(Object(Illuminate\\Http\\Request), Object(Closure))
#56 C:\\D\\xampp\\htdocs\\TTTD_KTPM_Clone2\\vendor\\laravel\\framework\\src\\Illuminate\\Foundation\\Http\\Middleware\\TransformsRequest.php(21): Illuminate\\Pipeline\\Pipeline->Illuminate\\Pipeline\\{closure}(Object(Illuminate\\Http\\Request))
#57 C:\\D\\xampp\\htdocs\\TTTD_KTPM_Clone2\\vendor\\laravel\\framework\\src\\Illuminate\\Foundation\\Http\\Middleware\\TrimStrings.php(51): Illuminate\\Foundation\\Http\\Middleware\\TransformsRequest->handle(Object(Illuminate\\Http\\Request), Object(Closure))
#58 C:\\D\\xampp\\htdocs\\TTTD_KTPM_Clone2\\vendor\\laravel\\framework\\src\\Illuminate\\Pipeline\\Pipeline.php(209): Illuminate\\Foundation\\Http\\Middleware\\TrimStrings->handle(Object(Illuminate\\Http\\Request), Object(Closure))
#59 C:\\D\\xampp\\htdocs\\TTTD_KTPM_Clone2\\vendor\\laravel\\framework\\src\\Illuminate\\Http\\Middleware\\ValidatePostSize.php(27): Illuminate\\Pipeline\\Pipeline->Illuminate\\Pipeline\\{closure}(Object(Illuminate\\Http\\Request))
#60 C:\\D\\xampp\\htdocs\\TTTD_KTPM_Clone2\\vendor\\laravel\\framework\\src\\Illuminate\\Pipeline\\Pipeline.php(209): Illuminate\\Http\\Middleware\\ValidatePostSize->handle(Object(Illuminate\\Http\\Request), Object(Closure))
#61 C:\\D\\xampp\\htdocs\\TTTD_KTPM_Clone2\\vendor\\laravel\\framework\\src\\Illuminate\\Http\\Middleware\\HandleCors.php(49): Illuminate\\Pipeline\\Pipeline->Illuminate\\Pipeline\\{closure}(Object(Illuminate\\Http\\Request))
#62 C:\\D\\xampp\\htdocs\\TTTD_KTPM_Clone2\\vendor\\laravel\\framework\\src\\Illuminate\\Pipeline\\Pipeline.php(209): Illuminate\\Http\\Middleware\\HandleCors->handle(Object(Illuminate\\Http\\Request), Object(Closure))
#63 C:\\D\\xampp\\htdocs\\TTTD_KTPM_Clone2\\vendor\\laravel\\framework\\src\\Illuminate\\Http\\Middleware\\TrustProxies.php(58): Illuminate\\Pipeline\\Pipeline->Illuminate\\Pipeline\\{closure}(Object(Illuminate\\Http\\Request))
#64 C:\\D\\xampp\\htdocs\\TTTD_KTPM_Clone2\\vendor\\laravel\\framework\\src\\Illuminate\\Pipeline\\Pipeline.php(209): Illuminate\\Http\\Middleware\\TrustProxies->handle(Object(Illuminate\\Http\\Request), Object(Closure))
#65 C:\\D\\xampp\\htdocs\\TTTD_KTPM_Clone2\\vendor\\laravel\\framework\\src\\Illuminate\\Foundation\\Http\\Middleware\\InvokeDeferredCallbacks.php(22): Illuminate\\Pipeline\\Pipeline->Illuminate\\Pipeline\\{closure}(Object(Illuminate\\Http\\Request))
#66 C:\\D\\xampp\\htdocs\\TTTD_KTPM_Clone2\\vendor\\laravel\\framework\\src\\Illuminate\\Pipeline\\Pipeline.php(209): Illuminate\\Foundation\\Http\\Middleware\\InvokeDeferredCallbacks->handle(Object(Illuminate\\Http\\Request), Object(Closure))
#67 C:\\D\\xampp\\htdocs\\TTTD_KTPM_Clone2\\vendor\\laravel\\framework\\src\\Illuminate\\Pipeline\\Pipeline.php(127): Illuminate\\Pipeline\\Pipeline->Illuminate\\Pipeline\\{closure}(Object(Illuminate\\Http\\Request))
#68 C:\\D\\xampp\\htdocs\\TTTD_KTPM_Clone2\\vendor\\laravel\\framework\\src\\Illuminate\\Foundation\\Http\\Kernel.php(176): Illuminate\\Pipeline\\Pipeline->then(Object(Closure))
#69 C:\\D\\xampp\\htdocs\\TTTD_KTPM_Clone2\\vendor\\laravel\\framework\\src\\Illuminate\\Foundation\\Http\\Kernel.php(145): Illuminate\\Foundation\\Http\\Kernel->sendRequestThroughRouter(Object(Illuminate\\Http\\Request))
#70 C:\\D\\xampp\\htdocs\\TTTD_KTPM_Clone2\\public\\index.php(51): Illuminate\\Foundation\\Http\\Kernel->handle(Object(Illuminate\\Http\\Request))
#71 C:\\D\\xampp\\htdocs\\TTTD_KTPM_Clone2\\vendor\\laravel\\framework\\src\\Illuminate\\Foundation\\resources\\server.php(23): require_once('C:\\\\D\\\\xampp\\\\htdo...')
#72 {main}
"} 
[2025-12-07 16:55:22] local.ERROR: The "--columns" option does not exist. {"exception":"[object] (Symfony\\Component\\Console\\Exception\\RuntimeException(code: 0): The \"--columns\" option does not exist. at C:\\D\\xampp\\htdocs\\TTTD_KTPM_Clone2\\vendor\\symfony\\console\\Input\\ArgvInput.php:226)
[stacktrace]
#0 C:\\D\\xampp\\htdocs\\TTTD_KTPM_Clone2\\vendor\\symfony\\console\\Input\\ArgvInput.php(153): Symfony\\Component\\Console\\Input\\ArgvInput->addLongOption('columns', 'uri,name,action')
#1 C:\\D\\xampp\\htdocs\\TTTD_KTPM_Clone2\\vendor\\symfony\\console\\Input\\ArgvInput.php(88): Symfony\\Component\\Console\\Input\\ArgvInput->parseLongOption('--columns=uri,n...')
#2 C:\\D\\xampp\\htdocs\\TTTD_KTPM_Clone2\\vendor\\symfony\\console\\Input\\ArgvInput.php(77): Symfony\\Component\\Console\\Input\\ArgvInput->parseToken('--columns=uri,n...', true)
#3 C:\\D\\xampp\\htdocs\\TTTD_KTPM_Clone2\\vendor\\symfony\\console\\Input\\Input.php(53): Symfony\\Component\\Console\\Input\\ArgvInput->parse()
#4 C:\\D\\xampp\\htdocs\\TTTD_KTPM_Clone2\\vendor\\symfony\\console\\Command\\Command.php(276): Symfony\\Component\\Console\\Input\\Input->bind(Object(Symfony\\Component\\Console\\Input\\InputDefinition))
#5 C:\\D\\xampp\\htdocs\\TTTD_KTPM_Clone2\\vendor\\laravel\\framework\\src\\Illuminate\\Console\\Command.php(182): Symfony\\Component\\Console\\Command\\Command->run(Object(Symfony\\Component\\Console\\Input\\ArgvInput), Object(Illuminate\\Console\\OutputStyle))
#6 C:\\D\\xampp\\htdocs\\TTTD_KTPM_Clone2\\vendor\\symfony\\console\\Application.php(1110): Illuminate\\Console\\Command->run(Object(Symfony\\Component\\Console\\Input\\ArgvInput), Object(Symfony\\Component\\Console\\Output\\ConsoleOutput))
#7 C:\\D\\xampp\\htdocs\\TTTD_KTPM_Clone2\\vendor\\symfony\\console\\Application.php(359): Symfony\\Component\\Console\\Application->doRunCommand(Object(Illuminate\\Foundation\\Console\\RouteListCommand), Object(Symfony\\Component\\Console\\Input\\ArgvInput), Object(Symfony\\Component\\Console\\Output\\ConsoleOutput))
#8 C:\\D\\xampp\\htdocs\\TTTD_KTPM_Clone2\\vendor\\symfony\\console\\Application.php(194): Symfony\\Component\\Console\\Application->doRun(Object(Symfony\\Component\\Console\\Input\\ArgvInput), Object(Symfony\\Component\\Console\\Output\\ConsoleOutput))
#9 C:\\D\\xampp\\htdocs\\TTTD_KTPM_Clone2\\vendor\\laravel\\framework\\src\\Illuminate\\Foundation\\Console\\Kernel.php(198): Symfony\\Component\\Console\\Application->run(Object(Symfony\\Component\\Console\\Input\\ArgvInput), Object(Symfony\\Component\\Console\\Output\\ConsoleOutput))
#10 C:\\D\\xampp\\htdocs\\TTTD_KTPM_Clone2\\artisan(35): Illuminate\\Foundation\\Console\\Kernel->handle(Object(Symfony\\Component\\Console\\Input\\ArgvInput), Object(Symfony\\Component\\Console\\Output\\ConsoleOutput))
#11 {main}
"} 
[2025-12-07 16:55:47] local.ERROR: Class "Webkul\Admin\Http\Controllers\Sales\InvoiceController" does not exist {"exception":"[object] (ReflectionException(code: -1): Class \"Webkul\\Admin\\Http\\Controllers\\Sales\\InvoiceController\" does not exist at C:\\D\\xampp\\htdocs\\TTTD_KTPM_Clone2\\vendor\\laravel\\framework\\src\\Illuminate\\Foundation\\Console\\RouteListCommand.php:235)
[stacktrace]
#0 C:\\D\\xampp\\htdocs\\TTTD_KTPM_Clone2\\vendor\\laravel\\framework\\src\\Illuminate\\Foundation\\Console\\RouteListCommand.php(235): ReflectionClass->__construct('Webkul\\\\Admin\\\\Ht...')
#1 C:\\D\\xampp\\htdocs\\TTTD_KTPM_Clone2\\vendor\\laravel\\framework\\src\\Illuminate\\Foundation\\Console\\RouteListCommand.php(149): Illuminate\\Foundation\\Console\\RouteListCommand->isVendorRoute(Object(Illuminate\\Routing\\Route))
#2 C:\\D\\xampp\\htdocs\\TTTD_KTPM_Clone2\\vendor\\laravel\\framework\\src\\Illuminate\\Foundation\\Console\\RouteListCommand.php(118): Illuminate\\Foundation\\Console\\RouteListCommand->getRouteInformation(Object(Illuminate\\Routing\\Route))
#3 [internal function]: Illuminate\\Foundation\\Console\\RouteListCommand->Illuminate\\Foundation\\Console\\{closure}(Object(Illuminate\\Routing\\Route), 14)
#4 C:\\D\\xampp\\htdocs\\TTTD_KTPM_Clone2\\vendor\\laravel\\framework\\src\\Illuminate\\Collections\\Arr.php(609): array_map(Object(Closure), Array, Array)
#5 C:\\D\\xampp\\htdocs\\TTTD_KTPM_Clone2\\vendor\\laravel\\framework\\src\\Illuminate\\Collections\\Collection.php(799): Illuminate\\Support\\Arr::map(Array, Object(Closure))
#6 C:\\D\\xampp\\htdocs\\TTTD_KTPM_Clone2\\vendor\\laravel\\framework\\src\\Illuminate\\Foundation\\Console\\RouteListCommand.php(117): Illuminate\\Support\\Collection->map(Object(Closure))
#7 C:\\D\\xampp\\htdocs\\TTTD_KTPM_Clone2\\vendor\\laravel\\framework\\src\\Illuminate\\Foundation\\Console\\RouteListCommand.php(103): Illuminate\\Foundation\\Console\\RouteListCommand->getRoutes()
#8 C:\\D\\xampp\\htdocs\\TTTD_KTPM_Clone2\\vendor\\laravel\\framework\\src\\Illuminate\\Container\\BoundMethod.php(36): Illuminate\\Foundation\\Console\\RouteListCommand->handle()
#9 C:\\D\\xampp\\htdocs\\TTTD_KTPM_Clone2\\vendor\\laravel\\framework\\src\\Illuminate\\Container\\Util.php(43): Illuminate\\Container\\BoundMethod::Illuminate\\Container\\{closure}()
#10 C:\\D\\xampp\\htdocs\\TTTD_KTPM_Clone2\\vendor\\laravel\\framework\\src\\Illuminate\\Container\\BoundMethod.php(95): Illuminate\\Container\\Util::unwrapIfClosure(Object(Closure))
#11 C:\\D\\xampp\\htdocs\\TTTD_KTPM_Clone2\\vendor\\laravel\\framework\\src\\Illuminate\\Container\\BoundMethod.php(35): Illuminate\\Container\\BoundMethod::callBoundMethod(Object(Illuminate\\Foundation\\Application), Array, Object(Closure))
#12 C:\\D\\xampp\\htdocs\\TTTD_KTPM_Clone2\\vendor\\laravel\\framework\\src\\Illuminate\\Container\\Container.php(696): Illuminate\\Container\\BoundMethod::call(Object(Illuminate\\Foundation\\Application), Array, Array, NULL)
#13 C:\\D\\xampp\\htdocs\\TTTD_KTPM_Clone2\\vendor\\laravel\\framework\\src\\Illuminate\\Console\\Command.php(213): Illuminate\\Container\\Container->call(Array)
#14 C:\\D\\xampp\\htdocs\\TTTD_KTPM_Clone2\\vendor\\symfony\\console\\Command\\Command.php(318): Illuminate\\Console\\Command->execute(Object(Symfony\\Component\\Console\\Input\\ArgvInput), Object(Illuminate\\Console\\OutputStyle))
#15 C:\\D\\xampp\\htdocs\\TTTD_KTPM_Clone2\\vendor\\laravel\\framework\\src\\Illuminate\\Console\\Command.php(182): Symfony\\Component\\Console\\Command\\Command->run(Object(Symfony\\Component\\Console\\Input\\ArgvInput), Object(Illuminate\\Console\\OutputStyle))
#16 C:\\D\\xampp\\htdocs\\TTTD_KTPM_Clone2\\vendor\\symfony\\console\\Application.php(1110): Illuminate\\Console\\Command->run(Object(Symfony\\Component\\Console\\Input\\ArgvInput), Object(Symfony\\Component\\Console\\Output\\ConsoleOutput))
#17 C:\\D\\xampp\\htdocs\\TTTD_KTPM_Clone2\\vendor\\symfony\\console\\Application.php(359): Symfony\\Component\\Console\\Application->doRunCommand(Object(Illuminate\\Foundation\\Console\\RouteListCommand), Object(Symfony\\Component\\Console\\Input\\ArgvInput), Object(Symfony\\Component\\Console\\Output\\ConsoleOutput))
#18 C:\\D\\xampp\\htdocs\\TTTD_KTPM_Clone2\\vendor\\symfony\\console\\Application.php(194): Symfony\\Component\\Console\\Application->doRun(Object(Symfony\\Component\\Console\\Input\\ArgvInput), Object(Symfony\\Component\\Console\\Output\\ConsoleOutput))
#19 C:\\D\\xampp\\htdocs\\TTTD_KTPM_Clone2\\vendor\\laravel\\framework\\src\\Illuminate\\Foundation\\Console\\Kernel.php(198): Symfony\\Component\\Console\\Application->run(Object(Symfony\\Component\\Console\\Input\\ArgvInput), Object(Symfony\\Component\\Console\\Output\\ConsoleOutput))
#20 C:\\D\\xampp\\htdocs\\TTTD_KTPM_Clone2\\artisan(35): Illuminate\\Foundation\\Console\\Kernel->handle(Object(Symfony\\Component\\Console\\Input\\ArgvInput), Object(Symfony\\Component\\Console\\Output\\ConsoleOutput))
#21 {main}
"} 
[2025-12-07 16:55:56] local.ERROR: Class "Webkul\Admin\Http\Controllers\Sales\InvoiceController" does not exist {"exception":"[object] (ReflectionException(code: -1): Class \"Webkul\\Admin\\Http\\Controllers\\Sales\\InvoiceController\" does not exist at C:\\D\\xampp\\htdocs\\TTTD_KTPM_Clone2\\vendor\\laravel\\framework\\src\\Illuminate\\Foundation\\Console\\RouteListCommand.php:235)
[stacktrace]
#0 C:\\D\\xampp\\htdocs\\TTTD_KTPM_Clone2\\vendor\\laravel\\framework\\src\\Illuminate\\Foundation\\Console\\RouteListCommand.php(235): ReflectionClass->__construct('Webkul\\\\Admin\\\\Ht...')
#1 C:\\D\\xampp\\htdocs\\TTTD_KTPM_Clone2\\vendor\\laravel\\framework\\src\\Illuminate\\Foundation\\Console\\RouteListCommand.php(149): Illuminate\\Foundation\\Console\\RouteListCommand->isVendorRoute(Object(Illuminate\\Routing\\Route))
#2 C:\\D\\xampp\\htdocs\\TTTD_KTPM_Clone2\\vendor\\laravel\\framework\\src\\Illuminate\\Foundation\\Console\\RouteListCommand.php(118): Illuminate\\Foundation\\Console\\RouteListCommand->getRouteInformation(Object(Illuminate\\Routing\\Route))
#3 [internal function]: Illuminate\\Foundation\\Console\\RouteListCommand->Illuminate\\Foundation\\Console\\{closure}(Object(Illuminate\\Routing\\Route), 14)
#4 C:\\D\\xampp\\htdocs\\TTTD_KTPM_Clone2\\vendor\\laravel\\framework\\src\\Illuminate\\Collections\\Arr.php(609): array_map(Object(Closure), Array, Array)
#5 C:\\D\\xampp\\htdocs\\TTTD_KTPM_Clone2\\vendor\\laravel\\framework\\src\\Illuminate\\Collections\\Collection.php(799): Illuminate\\Support\\Arr::map(Array, Object(Closure))
#6 C:\\D\\xampp\\htdocs\\TTTD_KTPM_Clone2\\vendor\\laravel\\framework\\src\\Illuminate\\Foundation\\Console\\RouteListCommand.php(117): Illuminate\\Support\\Collection->map(Object(Closure))
#7 C:\\D\\xampp\\htdocs\\TTTD_KTPM_Clone2\\vendor\\laravel\\framework\\src\\Illuminate\\Foundation\\Console\\RouteListCommand.php(103): Illuminate\\Foundation\\Console\\RouteListCommand->getRoutes()
#8 C:\\D\\xampp\\htdocs\\TTTD_KTPM_Clone2\\vendor\\laravel\\framework\\src\\Illuminate\\Container\\BoundMethod.php(36): Illuminate\\Foundation\\Console\\RouteListCommand->handle()
#9 C:\\D\\xampp\\htdocs\\TTTD_KTPM_Clone2\\vendor\\laravel\\framework\\src\\Illuminate\\Container\\Util.php(43): Illuminate\\Container\\BoundMethod::Illuminate\\Container\\{closure}()
#10 C:\\D\\xampp\\htdocs\\TTTD_KTPM_Clone2\\vendor\\laravel\\framework\\src\\Illuminate\\Container\\BoundMethod.php(95): Illuminate\\Container\\Util::unwrapIfClosure(Object(Closure))
#11 C:\\D\\xampp\\htdocs\\TTTD_KTPM_Clone2\\vendor\\laravel\\framework\\src\\Illuminate\\Container\\BoundMethod.php(35): Illuminate\\Container\\BoundMethod::callBoundMethod(Object(Illuminate\\Foundation\\Application), Array, Object(Closure))
#12 C:\\D\\xampp\\htdocs\\TTTD_KTPM_Clone2\\vendor\\laravel\\framework\\src\\Illuminate\\Container\\Container.php(696): Illuminate\\Container\\BoundMethod::call(Object(Illuminate\\Foundation\\Application), Array, Array, NULL)
#13 C:\\D\\xampp\\htdocs\\TTTD_KTPM_Clone2\\vendor\\laravel\\framework\\src\\Illuminate\\Console\\Command.php(213): Illuminate\\Container\\Container->call(Array)
#14 C:\\D\\xampp\\htdocs\\TTTD_KTPM_Clone2\\vendor\\symfony\\console\\Command\\Command.php(318): Illuminate\\Console\\Command->execute(Object(Symfony\\Component\\Console\\Input\\ArgvInput), Object(Illuminate\\Console\\OutputStyle))
#15 C:\\D\\xampp\\htdocs\\TTTD_KTPM_Clone2\\vendor\\laravel\\framework\\src\\Illuminate\\Console\\Command.php(182): Symfony\\Component\\Console\\Command\\Command->run(Object(Symfony\\Component\\Console\\Input\\ArgvInput), Object(Illuminate\\Console\\OutputStyle))
#16 C:\\D\\xampp\\htdocs\\TTTD_KTPM_Clone2\\vendor\\symfony\\console\\Application.php(1110): Illuminate\\Console\\Command->run(Object(Symfony\\Component\\Console\\Input\\ArgvInput), Object(Symfony\\Component\\Console\\Output\\ConsoleOutput))
#17 C:\\D\\xampp\\htdocs\\TTTD_KTPM_Clone2\\vendor\\symfony\\console\\Application.php(359): Symfony\\Component\\Console\\Application->doRunCommand(Object(Illuminate\\Foundation\\Console\\RouteListCommand), Object(Symfony\\Component\\Console\\Input\\ArgvInput), Object(Symfony\\Component\\Console\\Output\\ConsoleOutput))
#18 C:\\D\\xampp\\htdocs\\TTTD_KTPM_Clone2\\vendor\\symfony\\console\\Application.php(194): Symfony\\Component\\Console\\Application->doRun(Object(Symfony\\Component\\Console\\Input\\ArgvInput), Object(Symfony\\Component\\Console\\Output\\ConsoleOutput))
#19 C:\\D\\xampp\\htdocs\\TTTD_KTPM_Clone2\\vendor\\laravel\\framework\\src\\Illuminate\\Foundation\\Console\\Kernel.php(198): Symfony\\Component\\Console\\Application->run(Object(Symfony\\Component\\Console\\Input\\ArgvInput), Object(Symfony\\Component\\Console\\Output\\ConsoleOutput))
#20 C:\\D\\xampp\\htdocs\\TTTD_KTPM_Clone2\\artisan(35): Illuminate\\Foundation\\Console\\Kernel->handle(Object(Symfony\\Component\\Console\\Input\\ArgvInput), Object(Symfony\\Component\\Console\\Output\\ConsoleOutput))
#21 {main}
"} 
[2025-12-07 22:25:41] local.ERROR: SQLSTATE[42S02]: Base table or view not found: 1146 Table 'bagisto.bgbgaddresses' doesn't exist (Connection: mysql, SQL: select count(*) as aggregate from `bgbgaddresses`) {"exception":"[object] (Illuminate\\Database\\QueryException(code: 42S02): SQLSTATE[42S02]: Base table or view not found: 1146 Table 'bagisto.bgbgaddresses' doesn't exist (Connection: mysql, SQL: select count(*) as aggregate from `bgbgaddresses`) at C:\\D\\xampp\\htdocs\\TTTD_KTPM_Clone2\\vendor\\laravel\\framework\\src\\Illuminate\\Database\\Connection.php:825)
[stacktrace]
#0 C:\\D\\xampp\\htdocs\\TTTD_KTPM_Clone2\\vendor\\laravel\\framework\\src\\Illuminate\\Database\\Connection.php(779): Illuminate\\Database\\Connection->runQueryCallback('select count(*)...', Array, Object(Closure))
#1 C:\\D\\xampp\\htdocs\\TTTD_KTPM_Clone2\\vendor\\laravel\\framework\\src\\Illuminate\\Database\\Connection.php(398): Illuminate\\Database\\Connection->run('select count(*)...', Array, Object(Closure))
#2 C:\\D\\xampp\\htdocs\\TTTD_KTPM_Clone2\\vendor\\laravel\\framework\\src\\Illuminate\\Database\\Query\\Builder.php(3106): Illuminate\\Database\\Connection->select('select count(*)...', Array, true)
#3 C:\\D\\xampp\\htdocs\\TTTD_KTPM_Clone2\\vendor\\laravel\\framework\\src\\Illuminate\\Database\\Query\\Builder.php(3091): Illuminate\\Database\\Query\\Builder->runSelect()
#4 C:\\D\\xampp\\htdocs\\TTTD_KTPM_Clone2\\vendor\\laravel\\framework\\src\\Illuminate\\Database\\Query\\Builder.php(3676): Illuminate\\Database\\Query\\Builder->Illuminate\\Database\\Query\\{closure}()
#5 C:\\D\\xampp\\htdocs\\TTTD_KTPM_Clone2\\vendor\\laravel\\framework\\src\\Illuminate\\Database\\Query\\Builder.php(3090): Illuminate\\Database\\Query\\Builder->onceWithColumns(Array, Object(Closure))
#6 C:\\D\\xampp\\htdocs\\TTTD_KTPM_Clone2\\vendor\\laravel\\framework\\src\\Illuminate\\Database\\Query\\Builder.php(3603): Illuminate\\Database\\Query\\Builder->get(Array)
#7 C:\\D\\xampp\\htdocs\\TTTD_KTPM_Clone2\\vendor\\laravel\\framework\\src\\Illuminate\\Database\\Query\\Builder.php(3531): Illuminate\\Database\\Query\\Builder->aggregate('count', Array)
#8 C:\\D\\xampp\\htdocs\\TTTD_KTPM_Clone2\\vendor\\laravel\\framework\\src\\Illuminate\\Database\\Console\\ShowCommand.php(85): Illuminate\\Database\\Query\\Builder->count()
#9 [internal function]: Illuminate\\Database\\Console\\ShowCommand->Illuminate\\Database\\Console\\{closure}(Array, 0)
#10 C:\\D\\xampp\\htdocs\\TTTD_KTPM_Clone2\\vendor\\laravel\\framework\\src\\Illuminate\\Collections\\Arr.php(609): array_map(Object(Closure), Array, Array)
#11 C:\\D\\xampp\\htdocs\\TTTD_KTPM_Clone2\\vendor\\laravel\\framework\\src\\Illuminate\\Collections\\Collection.php(799): Illuminate\\Support\\Arr::map(Array, Object(Closure))
#12 C:\\D\\xampp\\htdocs\\TTTD_KTPM_Clone2\\vendor\\laravel\\framework\\src\\Illuminate\\Database\\Console\\ShowCommand.php(80): Illuminate\\Support\\Collection->map(Object(Closure))
#13 C:\\D\\xampp\\htdocs\\TTTD_KTPM_Clone2\\vendor\\laravel\\framework\\src\\Illuminate\\Database\\Console\\ShowCommand.php(55): Illuminate\\Database\\Console\\ShowCommand->tables(Object(Illuminate\\Database\\MySqlConnection), Object(Illuminate\\Database\\Schema\\MySqlBuilder))
#14 C:\\D\\xampp\\htdocs\\TTTD_KTPM_Clone2\\vendor\\laravel\\framework\\src\\Illuminate\\Container\\BoundMethod.php(36): Illuminate\\Database\\Console\\ShowCommand->handle(Object(Illuminate\\Database\\DatabaseManager))
#15 C:\\D\\xampp\\htdocs\\TTTD_KTPM_Clone2\\vendor\\laravel\\framework\\src\\Illuminate\\Container\\Util.php(43): Illuminate\\Container\\BoundMethod::Illuminate\\Container\\{closure}()
#16 C:\\D\\xampp\\htdocs\\TTTD_KTPM_Clone2\\vendor\\laravel\\framework\\src\\Illuminate\\Container\\BoundMethod.php(95): Illuminate\\Container\\Util::unwrapIfClosure(Object(Closure))
#17 C:\\D\\xampp\\htdocs\\TTTD_KTPM_Clone2\\vendor\\laravel\\framework\\src\\Illuminate\\Container\\BoundMethod.php(35): Illuminate\\Container\\BoundMethod::callBoundMethod(Object(Illuminate\\Foundation\\Application), Array, Object(Closure))
#18 C:\\D\\xampp\\htdocs\\TTTD_KTPM_Clone2\\vendor\\laravel\\framework\\src\\Illuminate\\Container\\Container.php(696): Illuminate\\Container\\BoundMethod::call(Object(Illuminate\\Foundation\\Application), Array, Array, NULL)
#19 C:\\D\\xampp\\htdocs\\TTTD_KTPM_Clone2\\vendor\\laravel\\framework\\src\\Illuminate\\Console\\Command.php(213): Illuminate\\Container\\Container->call(Array)
#20 C:\\D\\xampp\\htdocs\\TTTD_KTPM_Clone2\\vendor\\symfony\\console\\Command\\Command.php(318): Illuminate\\Console\\Command->execute(Object(Symfony\\Component\\Console\\Input\\ArgvInput), Object(Illuminate\\Console\\OutputStyle))
#21 C:\\D\\xampp\\htdocs\\TTTD_KTPM_Clone2\\vendor\\laravel\\framework\\src\\Illuminate\\Console\\Command.php(182): Symfony\\Component\\Console\\Command\\Command->run(Object(Symfony\\Component\\Console\\Input\\ArgvInput), Object(Illuminate\\Console\\OutputStyle))
#22 C:\\D\\xampp\\htdocs\\TTTD_KTPM_Clone2\\vendor\\symfony\\console\\Application.php(1110): Illuminate\\Console\\Command->run(Object(Symfony\\Component\\Console\\Input\\ArgvInput), Object(Symfony\\Component\\Console\\Output\\ConsoleOutput))
#23 C:\\D\\xampp\\htdocs\\TTTD_KTPM_Clone2\\vendor\\symfony\\console\\Application.php(359): Symfony\\Component\\Console\\Application->doRunCommand(Object(Illuminate\\Database\\Console\\ShowCommand), Object(Symfony\\Component\\Console\\Input\\ArgvInput), Object(Symfony\\Component\\Console\\Output\\ConsoleOutput))
#24 C:\\D\\xampp\\htdocs\\TTTD_KTPM_Clone2\\vendor\\symfony\\console\\Application.php(194): Symfony\\Component\\Console\\Application->doRun(Object(Symfony\\Component\\Console\\Input\\ArgvInput), Object(Symfony\\Component\\Console\\Output\\ConsoleOutput))
#25 C:\\D\\xampp\\htdocs\\TTTD_KTPM_Clone2\\vendor\\laravel\\framework\\src\\Illuminate\\Foundation\\Console\\Kernel.php(198): Symfony\\Component\\Console\\Application->run(Object(Symfony\\Component\\Console\\Input\\ArgvInput), Object(Symfony\\Component\\Console\\Output\\ConsoleOutput))
#26 C:\\D\\xampp\\htdocs\\TTTD_KTPM_Clone2\\artisan(35): Illuminate\\Foundation\\Console\\Kernel->handle(Object(Symfony\\Component\\Console\\Input\\ArgvInput), Object(Symfony\\Component\\Console\\Output\\ConsoleOutput))
#27 {main}

[previous exception] [object] (PDOException(code: 42S02): SQLSTATE[42S02]: Base table or view not found: 1146 Table 'bagisto.bgbgaddresses' doesn't exist at C:\\D\\xampp\\htdocs\\TTTD_KTPM_Clone2\\vendor\\laravel\\framework\\src\\Illuminate\\Database\\Connection.php:407)
[stacktrace]
#0 C:\\D\\xampp\\htdocs\\TTTD_KTPM_Clone2\\vendor\\laravel\\framework\\src\\Illuminate\\Database\\Connection.php(407): PDO->prepare('select count(*)...')
#1 C:\\D\\xampp\\htdocs\\TTTD_KTPM_Clone2\\vendor\\laravel\\framework\\src\\Illuminate\\Database\\Connection.php(812): Illuminate\\Database\\Connection->Illuminate\\Database\\{closure}('select count(*)...', Array)
#2 C:\\D\\xampp\\htdocs\\TTTD_KTPM_Clone2\\vendor\\laravel\\framework\\src\\Illuminate\\Database\\Connection.php(779): Illuminate\\Database\\Connection->runQueryCallback('select count(*)...', Array, Object(Closure))
#3 C:\\D\\xampp\\htdocs\\TTTD_KTPM_Clone2\\vendor\\laravel\\framework\\src\\Illuminate\\Database\\Connection.php(398): Illuminate\\Database\\Connection->run('select count(*)...', Array, Object(Closure))
#4 C:\\D\\xampp\\htdocs\\TTTD_KTPM_Clone2\\vendor\\laravel\\framework\\src\\Illuminate\\Database\\Query\\Builder.php(3106): Illuminate\\Database\\Connection->select('select count(*)...', Array, true)
#5 C:\\D\\xampp\\htdocs\\TTTD_KTPM_Clone2\\vendor\\laravel\\framework\\src\\Illuminate\\Database\\Query\\Builder.php(3091): Illuminate\\Database\\Query\\Builder->runSelect()
#6 C:\\D\\xampp\\htdocs\\TTTD_KTPM_Clone2\\vendor\\laravel\\framework\\src\\Illuminate\\Database\\Query\\Builder.php(3676): Illuminate\\Database\\Query\\Builder->Illuminate\\Database\\Query\\{closure}()
#7 C:\\D\\xampp\\htdocs\\TTTD_KTPM_Clone2\\vendor\\laravel\\framework\\src\\Illuminate\\Database\\Query\\Builder.php(3090): Illuminate\\Database\\Query\\Builder->onceWithColumns(Array, Object(Closure))
#8 C:\\D\\xampp\\htdocs\\TTTD_KTPM_Clone2\\vendor\\laravel\\framework\\src\\Illuminate\\Database\\Query\\Builder.php(3603): Illuminate\\Database\\Query\\Builder->get(Array)
#9 C:\\D\\xampp\\htdocs\\TTTD_KTPM_Clone2\\vendor\\laravel\\framework\\src\\Illuminate\\Database\\Query\\Builder.php(3531): Illuminate\\Database\\Query\\Builder->aggregate('count', Array)
#10 C:\\D\\xampp\\htdocs\\TTTD_KTPM_Clone2\\vendor\\laravel\\framework\\src\\Illuminate\\Database\\Console\\ShowCommand.php(85): Illuminate\\Database\\Query\\Builder->count()
#11 [internal function]: Illuminate\\Database\\Console\\ShowCommand->Illuminate\\Database\\Console\\{closure}(Array, 0)
#12 C:\\D\\xampp\\htdocs\\TTTD_KTPM_Clone2\\vendor\\laravel\\framework\\src\\Illuminate\\Collections\\Arr.php(609): array_map(Object(Closure), Array, Array)
#13 C:\\D\\xampp\\htdocs\\TTTD_KTPM_Clone2\\vendor\\laravel\\framework\\src\\Illuminate\\Collections\\Collection.php(799): Illuminate\\Support\\Arr::map(Array, Object(Closure))
#14 C:\\D\\xampp\\htdocs\\TTTD_KTPM_Clone2\\vendor\\laravel\\framework\\src\\Illuminate\\Database\\Console\\ShowCommand.php(80): Illuminate\\Support\\Collection->map(Object(Closure))
#15 C:\\D\\xampp\\htdocs\\TTTD_KTPM_Clone2\\vendor\\laravel\\framework\\src\\Illuminate\\Database\\Console\\ShowCommand.php(55): Illuminate\\Database\\Console\\ShowCommand->tables(Object(Illuminate\\Database\\MySqlConnection), Object(Illuminate\\Database\\Schema\\MySqlBuilder))
#16 C:\\D\\xampp\\htdocs\\TTTD_KTPM_Clone2\\vendor\\laravel\\framework\\src\\Illuminate\\Container\\BoundMethod.php(36): Illuminate\\Database\\Console\\ShowCommand->handle(Object(Illuminate\\Database\\DatabaseManager))
#17 C:\\D\\xampp\\htdocs\\TTTD_KTPM_Clone2\\vendor\\laravel\\framework\\src\\Illuminate\\Container\\Util.php(43): Illuminate\\Container\\BoundMethod::Illuminate\\Container\\{closure}()
#18 C:\\D\\xampp\\htdocs\\TTTD_KTPM_Clone2\\vendor\\laravel\\framework\\src\\Illuminate\\Container\\BoundMethod.php(95): Illuminate\\Container\\Util::unwrapIfClosure(Object(Closure))
#19 C:\\D\\xampp\\htdocs\\TTTD_KTPM_Clone2\\vendor\\laravel\\framework\\src\\Illuminate\\Container\\BoundMethod.php(35): Illuminate\\Container\\BoundMethod::callBoundMethod(Object(Illuminate\\Foundation\\Application), Array, Object(Closure))
#20 C:\\D\\xampp\\htdocs\\TTTD_KTPM_Clone2\\vendor\\laravel\\framework\\src\\Illuminate\\Container\\Container.php(696): Illuminate\\Container\\BoundMethod::call(Object(Illuminate\\Foundation\\Application), Array, Array, NULL)
#21 C:\\D\\xampp\\htdocs\\TTTD_KTPM_Clone2\\vendor\\laravel\\framework\\src\\Illuminate\\Console\\Command.php(213): Illuminate\\Container\\Container->call(Array)
#22 C:\\D\\xampp\\htdocs\\TTTD_KTPM_Clone2\\vendor\\symfony\\console\\Command\\Command.php(318): Illuminate\\Console\\Command->execute(Object(Symfony\\Component\\Console\\Input\\ArgvInput), Object(Illuminate\\Console\\OutputStyle))
#23 C:\\D\\xampp\\htdocs\\TTTD_KTPM_Clone2\\vendor\\laravel\\framework\\src\\Illuminate\\Console\\Command.php(182): Symfony\\Component\\Console\\Command\\Command->run(Object(Symfony\\Component\\Console\\Input\\ArgvInput), Object(Illuminate\\Console\\OutputStyle))
#24 C:\\D\\xampp\\htdocs\\TTTD_KTPM_Clone2\\vendor\\symfony\\console\\Application.php(1110): Illuminate\\Console\\Command->run(Object(Symfony\\Component\\Console\\Input\\ArgvInput), Object(Symfony\\Component\\Console\\Output\\ConsoleOutput))
#25 C:\\D\\xampp\\htdocs\\TTTD_KTPM_Clone2\\vendor\\symfony\\console\\Application.php(359): Symfony\\Component\\Console\\Application->doRunCommand(Object(Illuminate\\Database\\Console\\ShowCommand), Object(Symfony\\Component\\Console\\Input\\ArgvInput), Object(Symfony\\Component\\Console\\Output\\ConsoleOutput))
#26 C:\\D\\xampp\\htdocs\\TTTD_KTPM_Clone2\\vendor\\symfony\\console\\Application.php(194): Symfony\\Component\\Console\\Application->doRun(Object(Symfony\\Component\\Console\\Input\\ArgvInput), Object(Symfony\\Component\\Console\\Output\\ConsoleOutput))
#27 C:\\D\\xampp\\htdocs\\TTTD_KTPM_Clone2\\vendor\\laravel\\framework\\src\\Illuminate\\Foundation\\Console\\Kernel.php(198): Symfony\\Component\\Console\\Application->run(Object(Symfony\\Component\\Console\\Input\\ArgvInput), Object(Symfony\\Component\\Console\\Output\\ConsoleOutput))
#28 C:\\D\\xampp\\htdocs\\TTTD_KTPM_Clone2\\artisan(35): Illuminate\\Foundation\\Console\\Kernel->handle(Object(Symfony\\Component\\Console\\Input\\ArgvInput), Object(Symfony\\Component\\Console\\Output\\ConsoleOutput))
#29 {main}
"} 
[2025-12-09 21:49:49] local.ERROR: Target class [Webkul\Admin\Helpers\Dashboard] does not exist. {"exception":"[object] (Illuminate\\Contracts\\Container\\BindingResolutionException(code: 0): Target class [Webkul\\Admin\\Helpers\\Dashboard] does not exist. at C:\\D\\xampp\\htdocs\\TTTD_KTPM_Clone2\\vendor\\laravel\\framework\\src\\Illuminate\\Container\\Container.php:961)
[stacktrace]
#0 C:\\D\\xampp\\htdocs\\TTTD_KTPM_Clone2\\vendor\\laravel\\framework\\src\\Illuminate\\Container\\Container.php(832): Illuminate\\Container\\Container->build('Webkul\\\\Admin\\\\He...')
#1 C:\\D\\xampp\\htdocs\\TTTD_KTPM_Clone2\\vendor\\laravel\\framework\\src\\Illuminate\\Foundation\\Application.php(1078): Illuminate\\Container\\Container->resolve('Webkul\\\\Admin\\\\He...', Array, true)
#2 C:\\D\\xampp\\htdocs\\TTTD_KTPM_Clone2\\vendor\\laravel\\framework\\src\\Illuminate\\Container\\Container.php(763): Illuminate\\Foundation\\Application->resolve('Webkul\\\\Admin\\\\He...', Array)
#3 C:\\D\\xampp\\htdocs\\TTTD_KTPM_Clone2\\vendor\\laravel\\framework\\src\\Illuminate\\Foundation\\Application.php(1058): Illuminate\\Container\\Container->make('Webkul\\\\Admin\\\\He...', Array)
#4 C:\\D\\xampp\\htdocs\\TTTD_KTPM_Clone2\\vendor\\laravel\\framework\\src\\Illuminate\\Container\\Container.php(1133): Illuminate\\Foundation\\Application->make('Webkul\\\\Admin\\\\He...')
#5 C:\\D\\xampp\\htdocs\\TTTD_KTPM_Clone2\\vendor\\laravel\\framework\\src\\Illuminate\\Container\\Container.php(1043): Illuminate\\Container\\Container->resolveClass(Object(ReflectionParameter))
#6 C:\\D\\xampp\\htdocs\\TTTD_KTPM_Clone2\\vendor\\laravel\\framework\\src\\Illuminate\\Container\\Container.php(994): Illuminate\\Container\\Container->resolveDependencies(Array)
#7 C:\\D\\xampp\\htdocs\\TTTD_KTPM_Clone2\\vendor\\laravel\\framework\\src\\Illuminate\\Container\\Container.php(832): Illuminate\\Container\\Container->build('Webkul\\\\Admin\\\\Ht...')
#8 C:\\D\\xampp\\htdocs\\TTTD_KTPM_Clone2\\vendor\\laravel\\framework\\src\\Illuminate\\Foundation\\Application.php(1078): Illuminate\\Container\\Container->resolve('Webkul\\\\Admin\\\\Ht...', Array, true)
#9 C:\\D\\xampp\\htdocs\\TTTD_KTPM_Clone2\\vendor\\laravel\\framework\\src\\Illuminate\\Container\\Container.php(763): Illuminate\\Foundation\\Application->resolve('Webkul\\\\Admin\\\\Ht...', Array)
#10 C:\\D\\xampp\\htdocs\\TTTD_KTPM_Clone2\\vendor\\laravel\\framework\\src\\Illuminate\\Foundation\\Application.php(1058): Illuminate\\Container\\Container->make('Webkul\\\\Admin\\\\Ht...', Array)
#11 C:\\D\\xampp\\htdocs\\TTTD_KTPM_Clone2\\vendor\\laravel\\framework\\src\\Illuminate\\Routing\\Route.php(285): Illuminate\\Foundation\\Application->make('Webkul\\\\Admin\\\\Ht...')
#12 C:\\D\\xampp\\htdocs\\TTTD_KTPM_Clone2\\vendor\\laravel\\framework\\src\\Illuminate\\Routing\\Route.php(1125): Illuminate\\Routing\\Route->getController()
#13 C:\\D\\xampp\\htdocs\\TTTD_KTPM_Clone2\\vendor\\laravel\\framework\\src\\Illuminate\\Routing\\Route.php(1054): Illuminate\\Routing\\Route->controllerMiddleware()
#14 C:\\D\\xampp\\htdocs\\TTTD_KTPM_Clone2\\vendor\\laravel\\framework\\src\\Illuminate\\Routing\\Router.php(820): Illuminate\\Routing\\Route->gatherMiddleware()
#15 C:\\D\\xampp\\htdocs\\TTTD_KTPM_Clone2\\vendor\\laravel\\framework\\src\\Illuminate\\Routing\\Router.php(802): Illuminate\\Routing\\Router->gatherRouteMiddleware(Object(Illuminate\\Routing\\Route))
#16 C:\\D\\xampp\\htdocs\\TTTD_KTPM_Clone2\\vendor\\laravel\\framework\\src\\Illuminate\\Routing\\Router.php(786): Illuminate\\Routing\\Router->runRouteWithinStack(Object(Illuminate\\Routing\\Route), Object(Illuminate\\Http\\Request))
#17 C:\\D\\xampp\\htdocs\\TTTD_KTPM_Clone2\\vendor\\laravel\\framework\\src\\Illuminate\\Routing\\Router.php(750): Illuminate\\Routing\\Router->runRoute(Object(Illuminate\\Http\\Request), Object(Illuminate\\Routing\\Route))
#18 C:\\D\\xampp\\htdocs\\TTTD_KTPM_Clone2\\vendor\\laravel\\framework\\src\\Illuminate\\Routing\\Router.php(739): Illuminate\\Routing\\Router->dispatchToRoute(Object(Illuminate\\Http\\Request))
#19 C:\\D\\xampp\\htdocs\\TTTD_KTPM_Clone2\\vendor\\laravel\\framework\\src\\Illuminate\\Foundation\\Http\\Kernel.php(201): Illuminate\\Routing\\Router->dispatch(Object(Illuminate\\Http\\Request))
#20 C:\\D\\xampp\\htdocs\\TTTD_KTPM_Clone2\\vendor\\laravel\\framework\\src\\Illuminate\\Pipeline\\Pipeline.php(170): Illuminate\\Foundation\\Http\\Kernel->Illuminate\\Foundation\\Http\\{closure}(Object(Illuminate\\Http\\Request))
#21 C:\\D\\xampp\\htdocs\\TTTD_KTPM_Clone2\\vendor\\barryvdh\\laravel-debugbar\\src\\Middleware\\InjectDebugbar.php(66): Illuminate\\Pipeline\\Pipeline->Illuminate\\Pipeline\\{closure}(Object(Illuminate\\Http\\Request))
#22 C:\\D\\xampp\\htdocs\\TTTD_KTPM_Clone2\\vendor\\laravel\\framework\\src\\Illuminate\\Pipeline\\Pipeline.php(209): Barryvdh\\Debugbar\\Middleware\\InjectDebugbar->handle(Object(Illuminate\\Http\\Request), Object(Closure))
#23 C:\\D\\xampp\\htdocs\\TTTD_KTPM_Clone2\\packages\\Webkul\\Installer\\src\\Http\\Middleware\\CanInstall.php(30): Illuminate\\Pipeline\\Pipeline->Illuminate\\Pipeline\\{closure}(Object(Illuminate\\Http\\Request))
#24 C:\\D\\xampp\\htdocs\\TTTD_KTPM_Clone2\\vendor\\laravel\\framework\\src\\Illuminate\\Pipeline\\Pipeline.php(209): Webkul\\Installer\\Http\\Middleware\\CanInstall->handle(Object(Illuminate\\Http\\Request), Object(Closure))
#25 C:\\D\\xampp\\htdocs\\TTTD_KTPM_Clone2\\packages\\Webkul\\Core\\src\\Http\\Middleware\\SecureHeaders.php(29): Illuminate\\Pipeline\\Pipeline->Illuminate\\Pipeline\\{closure}(Object(Illuminate\\Http\\Request))
#26 C:\\D\\xampp\\htdocs\\TTTD_KTPM_Clone2\\vendor\\laravel\\framework\\src\\Illuminate\\Pipeline\\Pipeline.php(209): Webkul\\Core\\Http\\Middleware\\SecureHeaders->handle(Object(Illuminate\\Http\\Request), Object(Closure))
#27 C:\\D\\xampp\\htdocs\\TTTD_KTPM_Clone2\\vendor\\laravel\\framework\\src\\Illuminate\\Foundation\\Http\\Middleware\\TransformsRequest.php(21): Illuminate\\Pipeline\\Pipeline->Illuminate\\Pipeline\\{closure}(Object(Illuminate\\Http\\Request))
#28 C:\\D\\xampp\\htdocs\\TTTD_KTPM_Clone2\\vendor\\laravel\\framework\\src\\Illuminate\\Foundation\\Http\\Middleware\\TrimStrings.php(51): Illuminate\\Foundation\\Http\\Middleware\\TransformsRequest->handle(Object(Illuminate\\Http\\Request), Object(Closure))
#29 C:\\D\\xampp\\htdocs\\TTTD_KTPM_Clone2\\vendor\\laravel\\framework\\src\\Illuminate\\Pipeline\\Pipeline.php(209): Illuminate\\Foundation\\Http\\Middleware\\TrimStrings->handle(Object(Illuminate\\Http\\Request), Object(Closure))
#30 C:\\D\\xampp\\htdocs\\TTTD_KTPM_Clone2\\vendor\\laravel\\framework\\src\\Illuminate\\Http\\Middleware\\ValidatePostSize.php(27): Illuminate\\Pipeline\\Pipeline->Illuminate\\Pipeline\\{closure}(Object(Illuminate\\Http\\Request))
#31 C:\\D\\xampp\\htdocs\\TTTD_KTPM_Clone2\\vendor\\laravel\\framework\\src\\Illuminate\\Pipeline\\Pipeline.php(209): Illuminate\\Http\\Middleware\\ValidatePostSize->handle(Object(Illuminate\\Http\\Request), Object(Closure))
#32 C:\\D\\xampp\\htdocs\\TTTD_KTPM_Clone2\\vendor\\laravel\\framework\\src\\Illuminate\\Http\\Middleware\\HandleCors.php(49): Illuminate\\Pipeline\\Pipeline->Illuminate\\Pipeline\\{closure}(Object(Illuminate\\Http\\Request))
#33 C:\\D\\xampp\\htdocs\\TTTD_KTPM_Clone2\\vendor\\laravel\\framework\\src\\Illuminate\\Pipeline\\Pipeline.php(209): Illuminate\\Http\\Middleware\\HandleCors->handle(Object(Illuminate\\Http\\Request), Object(Closure))
#34 C:\\D\\xampp\\htdocs\\TTTD_KTPM_Clone2\\vendor\\laravel\\framework\\src\\Illuminate\\Http\\Middleware\\TrustProxies.php(58): Illuminate\\Pipeline\\Pipeline->Illuminate\\Pipeline\\{closure}(Object(Illuminate\\Http\\Request))
#35 C:\\D\\xampp\\htdocs\\TTTD_KTPM_Clone2\\vendor\\laravel\\framework\\src\\Illuminate\\Pipeline\\Pipeline.php(209): Illuminate\\Http\\Middleware\\TrustProxies->handle(Object(Illuminate\\Http\\Request), Object(Closure))
#36 C:\\D\\xampp\\htdocs\\TTTD_KTPM_Clone2\\vendor\\laravel\\framework\\src\\Illuminate\\Foundation\\Http\\Middleware\\InvokeDeferredCallbacks.php(22): Illuminate\\Pipeline\\Pipeline->Illuminate\\Pipeline\\{closure}(Object(Illuminate\\Http\\Request))
#37 C:\\D\\xampp\\htdocs\\TTTD_KTPM_Clone2\\vendor\\laravel\\framework\\src\\Illuminate\\Pipeline\\Pipeline.php(209): Illuminate\\Foundation\\Http\\Middleware\\InvokeDeferredCallbacks->handle(Object(Illuminate\\Http\\Request), Object(Closure))
#38 C:\\D\\xampp\\htdocs\\TTTD_KTPM_Clone2\\vendor\\laravel\\framework\\src\\Illuminate\\Pipeline\\Pipeline.php(127): Illuminate\\Pipeline\\Pipeline->Illuminate\\Pipeline\\{closure}(Object(Illuminate\\Http\\Request))
#39 C:\\D\\xampp\\htdocs\\TTTD_KTPM_Clone2\\vendor\\laravel\\framework\\src\\Illuminate\\Foundation\\Http\\Kernel.php(176): Illuminate\\Pipeline\\Pipeline->then(Object(Closure))
#40 C:\\D\\xampp\\htdocs\\TTTD_KTPM_Clone2\\vendor\\laravel\\framework\\src\\Illuminate\\Foundation\\Http\\Kernel.php(145): Illuminate\\Foundation\\Http\\Kernel->sendRequestThroughRouter(Object(Illuminate\\Http\\Request))
#41 C:\\D\\xampp\\htdocs\\TTTD_KTPM_Clone2\\public\\index.php(51): Illuminate\\Foundation\\Http\\Kernel->handle(Object(Illuminate\\Http\\Request))
#42 C:\\D\\xampp\\htdocs\\TTTD_KTPM_Clone2\\vendor\\laravel\\framework\\src\\Illuminate\\Foundation\\resources\\server.php(23): require_once('C:\\\\D\\\\xampp\\\\htdo...')
#43 {main}

[previous exception] [object] (ReflectionException(code: -1): Class \"Webkul\\Admin\\Helpers\\Dashboard\" does not exist at C:\\D\\xampp\\htdocs\\TTTD_KTPM_Clone2\\vendor\\laravel\\framework\\src\\Illuminate\\Container\\Container.php:959)
[stacktrace]
#0 C:\\D\\xampp\\htdocs\\TTTD_KTPM_Clone2\\vendor\\laravel\\framework\\src\\Illuminate\\Container\\Container.php(959): ReflectionClass->__construct('Webkul\\\\Admin\\\\He...')
#1 C:\\D\\xampp\\htdocs\\TTTD_KTPM_Clone2\\vendor\\laravel\\framework\\src\\Illuminate\\Container\\Container.php(832): Illuminate\\Container\\Container->build('Webkul\\\\Admin\\\\He...')
#2 C:\\D\\xampp\\htdocs\\TTTD_KTPM_Clone2\\vendor\\laravel\\framework\\src\\Illuminate\\Foundation\\Application.php(1078): Illuminate\\Container\\Container->resolve('Webkul\\\\Admin\\\\He...', Array, true)
#3 C:\\D\\xampp\\htdocs\\TTTD_KTPM_Clone2\\vendor\\laravel\\framework\\src\\Illuminate\\Container\\Container.php(763): Illuminate\\Foundation\\Application->resolve('Webkul\\\\Admin\\\\He...', Array)
#4 C:\\D\\xampp\\htdocs\\TTTD_KTPM_Clone2\\vendor\\laravel\\framework\\src\\Illuminate\\Foundation\\Application.php(1058): Illuminate\\Container\\Container->make('Webkul\\\\Admin\\\\He...', Array)
#5 C:\\D\\xampp\\htdocs\\TTTD_KTPM_Clone2\\vendor\\laravel\\framework\\src\\Illuminate\\Container\\Container.php(1133): Illuminate\\Foundation\\Application->make('Webkul\\\\Admin\\\\He...')
#6 C:\\D\\xampp\\htdocs\\TTTD_KTPM_Clone2\\vendor\\laravel\\framework\\src\\Illuminate\\Container\\Container.php(1043): Illuminate\\Container\\Container->resolveClass(Object(ReflectionParameter))
#7 C:\\D\\xampp\\htdocs\\TTTD_KTPM_Clone2\\vendor\\laravel\\framework\\src\\Illuminate\\Container\\Container.php(994): Illuminate\\Container\\Container->resolveDependencies(Array)
#8 C:\\D\\xampp\\htdocs\\TTTD_KTPM_Clone2\\vendor\\laravel\\framework\\src\\Illuminate\\Container\\Container.php(832): Illuminate\\Container\\Container->build('Webkul\\\\Admin\\\\Ht...')
#9 C:\\D\\xampp\\htdocs\\TTTD_KTPM_Clone2\\vendor\\laravel\\framework\\src\\Illuminate\\Foundation\\Application.php(1078): Illuminate\\Container\\Container->resolve('Webkul\\\\Admin\\\\Ht...', Array, true)
#10 C:\\D\\xampp\\htdocs\\TTTD_KTPM_Clone2\\vendor\\laravel\\framework\\src\\Illuminate\\Container\\Container.php(763): Illuminate\\Foundation\\Application->resolve('Webkul\\\\Admin\\\\Ht...', Array)
#11 C:\\D\\xampp\\htdocs\\TTTD_KTPM_Clone2\\vendor\\laravel\\framework\\src\\Illuminate\\Foundation\\Application.php(1058): Illuminate\\Container\\Container->make('Webkul\\\\Admin\\\\Ht...', Array)
#12 C:\\D\\xampp\\htdocs\\TTTD_KTPM_Clone2\\vendor\\laravel\\framework\\src\\Illuminate\\Routing\\Route.php(285): Illuminate\\Foundation\\Application->make('Webkul\\\\Admin\\\\Ht...')
#13 C:\\D\\xampp\\htdocs\\TTTD_KTPM_Clone2\\vendor\\laravel\\framework\\src\\Illuminate\\Routing\\Route.php(1125): Illuminate\\Routing\\Route->getController()
#14 C:\\D\\xampp\\htdocs\\TTTD_KTPM_Clone2\\vendor\\laravel\\framework\\src\\Illuminate\\Routing\\Route.php(1054): Illuminate\\Routing\\Route->controllerMiddleware()
#15 C:\\D\\xampp\\htdocs\\TTTD_KTPM_Clone2\\vendor\\laravel\\framework\\src\\Illuminate\\Routing\\Router.php(820): Illuminate\\Routing\\Route->gatherMiddleware()
#16 C:\\D\\xampp\\htdocs\\TTTD_KTPM_Clone2\\vendor\\laravel\\framework\\src\\Illuminate\\Routing\\Router.php(802): Illuminate\\Routing\\Router->gatherRouteMiddleware(Object(Illuminate\\Routing\\Route))
#17 C:\\D\\xampp\\htdocs\\TTTD_KTPM_Clone2\\vendor\\laravel\\framework\\src\\Illuminate\\Routing\\Router.php(786): Illuminate\\Routing\\Router->runRouteWithinStack(Object(Illuminate\\Routing\\Route), Object(Illuminate\\Http\\Request))
#18 C:\\D\\xampp\\htdocs\\TTTD_KTPM_Clone2\\vendor\\laravel\\framework\\src\\Illuminate\\Routing\\Router.php(750): Illuminate\\Routing\\Router->runRoute(Object(Illuminate\\Http\\Request), Object(Illuminate\\Routing\\Route))
#19 C:\\D\\xampp\\htdocs\\TTTD_KTPM_Clone2\\vendor\\laravel\\framework\\src\\Illuminate\\Routing\\Router.php(739): Illuminate\\Routing\\Router->dispatchToRoute(Object(Illuminate\\Http\\Request))
#20 C:\\D\\xampp\\htdocs\\TTTD_KTPM_Clone2\\vendor\\laravel\\framework\\src\\Illuminate\\Foundation\\Http\\Kernel.php(201): Illuminate\\Routing\\Router->dispatch(Object(Illuminate\\Http\\Request))
#21 C:\\D\\xampp\\htdocs\\TTTD_KTPM_Clone2\\vendor\\laravel\\framework\\src\\Illuminate\\Pipeline\\Pipeline.php(170): Illuminate\\Foundation\\Http\\Kernel->Illuminate\\Foundation\\Http\\{closure}(Object(Illuminate\\Http\\Request))
#22 C:\\D\\xampp\\htdocs\\TTTD_KTPM_Clone2\\vendor\\barryvdh\\laravel-debugbar\\src\\Middleware\\InjectDebugbar.php(66): Illuminate\\Pipeline\\Pipeline->Illuminate\\Pipeline\\{closure}(Object(Illuminate\\Http\\Request))
#23 C:\\D\\xampp\\htdocs\\TTTD_KTPM_Clone2\\vendor\\laravel\\framework\\src\\Illuminate\\Pipeline\\Pipeline.php(209): Barryvdh\\Debugbar\\Middleware\\InjectDebugbar->handle(Object(Illuminate\\Http\\Request), Object(Closure))
#24 C:\\D\\xampp\\htdocs\\TTTD_KTPM_Clone2\\packages\\Webkul\\Installer\\src\\Http\\Middleware\\CanInstall.php(30): Illuminate\\Pipeline\\Pipeline->Illuminate\\Pipeline\\{closure}(Object(Illuminate\\Http\\Request))
#25 C:\\D\\xampp\\htdocs\\TTTD_KTPM_Clone2\\vendor\\laravel\\framework\\src\\Illuminate\\Pipeline\\Pipeline.php(209): Webkul\\Installer\\Http\\Middleware\\CanInstall->handle(Object(Illuminate\\Http\\Request), Object(Closure))
#26 C:\\D\\xampp\\htdocs\\TTTD_KTPM_Clone2\\packages\\Webkul\\Core\\src\\Http\\Middleware\\SecureHeaders.php(29): Illuminate\\Pipeline\\Pipeline->Illuminate\\Pipeline\\{closure}(Object(Illuminate\\Http\\Request))
#27 C:\\D\\xampp\\htdocs\\TTTD_KTPM_Clone2\\vendor\\laravel\\framework\\src\\Illuminate\\Pipeline\\Pipeline.php(209): Webkul\\Core\\Http\\Middleware\\SecureHeaders->handle(Object(Illuminate\\Http\\Request), Object(Closure))
#28 C:\\D\\xampp\\htdocs\\TTTD_KTPM_Clone2\\vendor\\laravel\\framework\\src\\Illuminate\\Foundation\\Http\\Middleware\\TransformsRequest.php(21): Illuminate\\Pipeline\\Pipeline->Illuminate\\Pipeline\\{closure}(Object(Illuminate\\Http\\Request))
#29 C:\\D\\xampp\\htdocs\\TTTD_KTPM_Clone2\\vendor\\laravel\\framework\\src\\Illuminate\\Foundation\\Http\\Middleware\\TrimStrings.php(51): Illuminate\\Foundation\\Http\\Middleware\\TransformsRequest->handle(Object(Illuminate\\Http\\Request), Object(Closure))
#30 C:\\D\\xampp\\htdocs\\TTTD_KTPM_Clone2\\vendor\\laravel\\framework\\src\\Illuminate\\Pipeline\\Pipeline.php(209): Illuminate\\Foundation\\Http\\Middleware\\TrimStrings->handle(Object(Illuminate\\Http\\Request), Object(Closure))
#31 C:\\D\\xampp\\htdocs\\TTTD_KTPM_Clone2\\vendor\\laravel\\framework\\src\\Illuminate\\Http\\Middleware\\ValidatePostSize.php(27): Illuminate\\Pipeline\\Pipeline->Illuminate\\Pipeline\\{closure}(Object(Illuminate\\Http\\Request))
#32 C:\\D\\xampp\\htdocs\\TTTD_KTPM_Clone2\\vendor\\laravel\\framework\\src\\Illuminate\\Pipeline\\Pipeline.php(209): Illuminate\\Http\\Middleware\\ValidatePostSize->handle(Object(Illuminate\\Http\\Request), Object(Closure))
#33 C:\\D\\xampp\\htdocs\\TTTD_KTPM_Clone2\\vendor\\laravel\\framework\\src\\Illuminate\\Http\\Middleware\\HandleCors.php(49): Illuminate\\Pipeline\\Pipeline->Illuminate\\Pipeline\\{closure}(Object(Illuminate\\Http\\Request))
#34 C:\\D\\xampp\\htdocs\\TTTD_KTPM_Clone2\\vendor\\laravel\\framework\\src\\Illuminate\\Pipeline\\Pipeline.php(209): Illuminate\\Http\\Middleware\\HandleCors->handle(Object(Illuminate\\Http\\Request), Object(Closure))
#35 C:\\D\\xampp\\htdocs\\TTTD_KTPM_Clone2\\vendor\\laravel\\framework\\src\\Illuminate\\Http\\Middleware\\TrustProxies.php(58): Illuminate\\Pipeline\\Pipeline->Illuminate\\Pipeline\\{closure}(Object(Illuminate\\Http\\Request))
#36 C:\\D\\xampp\\htdocs\\TTTD_KTPM_Clone2\\vendor\\laravel\\framework\\src\\Illuminate\\Pipeline\\Pipeline.php(209): Illuminate\\Http\\Middleware\\TrustProxies->handle(Object(Illuminate\\Http\\Request), Object(Closure))
#37 C:\\D\\xampp\\htdocs\\TTTD_KTPM_Clone2\\vendor\\laravel\\framework\\src\\Illuminate\\Foundation\\Http\\Middleware\\InvokeDeferredCallbacks.php(22): Illuminate\\Pipeline\\Pipeline->Illuminate\\Pipeline\\{closure}(Object(Illuminate\\Http\\Request))
#38 C:\\D\\xampp\\htdocs\\TTTD_KTPM_Clone2\\vendor\\laravel\\framework\\src\\Illuminate\\Pipeline\\Pipeline.php(209): Illuminate\\Foundation\\Http\\Middleware\\InvokeDeferredCallbacks->handle(Object(Illuminate\\Http\\Request), Object(Closure))
#39 C:\\D\\xampp\\htdocs\\TTTD_KTPM_Clone2\\vendor\\laravel\\framework\\src\\Illuminate\\Pipeline\\Pipeline.php(127): Illuminate\\Pipeline\\Pipeline->Illuminate\\Pipeline\\{closure}(Object(Illuminate\\Http\\Request))
#40 C:\\D\\xampp\\htdocs\\TTTD_KTPM_Clone2\\vendor\\laravel\\framework\\src\\Illuminate\\Foundation\\Http\\Kernel.php(176): Illuminate\\Pipeline\\Pipeline->then(Object(Closure))
#41 C:\\D\\xampp\\htdocs\\TTTD_KTPM_Clone2\\vendor\\laravel\\framework\\src\\Illuminate\\Foundation\\Http\\Kernel.php(145): Illuminate\\Foundation\\Http\\Kernel->sendRequestThroughRouter(Object(Illuminate\\Http\\Request))
#42 C:\\D\\xampp\\htdocs\\TTTD_KTPM_Clone2\\public\\index.php(51): Illuminate\\Foundation\\Http\\Kernel->handle(Object(Illuminate\\Http\\Request))
#43 C:\\D\\xampp\\htdocs\\TTTD_KTPM_Clone2\\vendor\\laravel\\framework\\src\\Illuminate\\Foundation\\resources\\server.php(23): require_once('C:\\\\D\\\\xampp\\\\htdo...')
#44 {main}
"} 
[2025-12-09 22:28:39] local.ERROR: Target class [Webkul\Admin\Http\Controllers\NotificationController] does not exist. {"exception":"[object] (Illuminate\\Contracts\\Container\\BindingResolutionException(code: 0): Target class [Webkul\\Admin\\Http\\Controllers\\NotificationController] does not exist. at C:\\D\\xampp\\htdocs\\TTTD_KTPM_Clone2\\vendor\\laravel\\framework\\src\\Illuminate\\Container\\Container.php:961)
[stacktrace]
#0 C:\\D\\xampp\\htdocs\\TTTD_KTPM_Clone2\\vendor\\laravel\\framework\\src\\Illuminate\\Container\\Container.php(832): Illuminate\\Container\\Container->build('Webkul\\\\Admin\\\\Ht...')
#1 C:\\D\\xampp\\htdocs\\TTTD_KTPM_Clone2\\vendor\\laravel\\framework\\src\\Illuminate\\Foundation\\Application.php(1078): Illuminate\\Container\\Container->resolve('Webkul\\\\Admin\\\\Ht...', Array, true)
#2 C:\\D\\xampp\\htdocs\\TTTD_KTPM_Clone2\\vendor\\laravel\\framework\\src\\Illuminate\\Container\\Container.php(763): Illuminate\\Foundation\\Application->resolve('Webkul\\\\Admin\\\\Ht...', Array)
#3 C:\\D\\xampp\\htdocs\\TTTD_KTPM_Clone2\\vendor\\laravel\\framework\\src\\Illuminate\\Foundation\\Application.php(1058): Illuminate\\Container\\Container->make('Webkul\\\\Admin\\\\Ht...', Array)
#4 C:\\D\\xampp\\htdocs\\TTTD_KTPM_Clone2\\vendor\\laravel\\framework\\src\\Illuminate\\Routing\\Route.php(285): Illuminate\\Foundation\\Application->make('Webkul\\\\Admin\\\\Ht...')
#5 C:\\D\\xampp\\htdocs\\TTTD_KTPM_Clone2\\vendor\\laravel\\framework\\src\\Illuminate\\Routing\\Route.php(267): Illuminate\\Routing\\Route->getController()
#6 C:\\D\\xampp\\htdocs\\TTTD_KTPM_Clone2\\vendor\\laravel\\framework\\src\\Illuminate\\Routing\\Route.php(212): Illuminate\\Routing\\Route->runController()
#7 C:\\D\\xampp\\htdocs\\TTTD_KTPM_Clone2\\vendor\\laravel\\framework\\src\\Illuminate\\Routing\\Router.php(808): Illuminate\\Routing\\Route->run()
#8 C:\\D\\xampp\\htdocs\\TTTD_KTPM_Clone2\\vendor\\laravel\\framework\\src\\Illuminate\\Pipeline\\Pipeline.php(170): Illuminate\\Routing\\Router->Illuminate\\Routing\\{closure}(Object(Illuminate\\Http\\Request))
#9 C:\\D\\xampp\\htdocs\\TTTD_KTPM_Clone2\\packages\\Webkul\\Core\\src\\Http\\Middleware\\NoCacheMiddleware.php(17): Illuminate\\Pipeline\\Pipeline->Illuminate\\Pipeline\\{closure}(Object(Illuminate\\Http\\Request))
#10 C:\\D\\xampp\\htdocs\\TTTD_KTPM_Clone2\\vendor\\laravel\\framework\\src\\Illuminate\\Pipeline\\Pipeline.php(209): Webkul\\Core\\Http\\Middleware\\NoCacheMiddleware->handle(Object(Illuminate\\Http\\Request), Object(Closure))
#11 C:\\D\\xampp\\htdocs\\TTTD_KTPM_Clone2\\packages\\Webkul\\User\\src\\Http\\Middleware\\Bouncer.php(44): Illuminate\\Pipeline\\Pipeline->Illuminate\\Pipeline\\{closure}(Object(Illuminate\\Http\\Request))
#12 C:\\D\\xampp\\htdocs\\TTTD_KTPM_Clone2\\vendor\\laravel\\framework\\src\\Illuminate\\Pipeline\\Pipeline.php(209): Webkul\\User\\Http\\Middleware\\Bouncer->handle(Object(Illuminate\\Http\\Request), Object(Closure))
#13 C:\\D\\xampp\\htdocs\\TTTD_KTPM_Clone2\\packages\\Webkul\\Core\\src\\Http\\Middleware\\PreventRequestsDuringMaintenance.php(109): Illuminate\\Pipeline\\Pipeline->Illuminate\\Pipeline\\{closure}(Object(Illuminate\\Http\\Request))
#14 C:\\D\\xampp\\htdocs\\TTTD_KTPM_Clone2\\vendor\\laravel\\framework\\src\\Illuminate\\Pipeline\\Pipeline.php(209): Webkul\\Core\\Http\\Middleware\\PreventRequestsDuringMaintenance->handle(Object(Illuminate\\Http\\Request), Object(Closure))
#15 C:\\D\\xampp\\htdocs\\TTTD_KTPM_Clone2\\vendor\\barryvdh\\laravel-debugbar\\src\\Middleware\\InjectDebugbar.php(66): Illuminate\\Pipeline\\Pipeline->Illuminate\\Pipeline\\{closure}(Object(Illuminate\\Http\\Request))
#16 C:\\D\\xampp\\htdocs\\TTTD_KTPM_Clone2\\vendor\\laravel\\framework\\src\\Illuminate\\Pipeline\\Pipeline.php(209): Barryvdh\\Debugbar\\Middleware\\InjectDebugbar->handle(Object(Illuminate\\Http\\Request), Object(Closure))
#17 C:\\D\\xampp\\htdocs\\TTTD_KTPM_Clone2\\vendor\\laravel\\framework\\src\\Illuminate\\Routing\\Middleware\\SubstituteBindings.php(51): Illuminate\\Pipeline\\Pipeline->Illuminate\\Pipeline\\{closure}(Object(Illuminate\\Http\\Request))
#18 C:\\D\\xampp\\htdocs\\TTTD_KTPM_Clone2\\vendor\\laravel\\framework\\src\\Illuminate\\Pipeline\\Pipeline.php(209): Illuminate\\Routing\\Middleware\\SubstituteBindings->handle(Object(Illuminate\\Http\\Request), Object(Closure))
#19 C:\\D\\xampp\\htdocs\\TTTD_KTPM_Clone2\\vendor\\laravel\\framework\\src\\Illuminate\\Foundation\\Http\\Middleware\\VerifyCsrfToken.php(88): Illuminate\\Pipeline\\Pipeline->Illuminate\\Pipeline\\{closure}(Object(Illuminate\\Http\\Request))
#20 C:\\D\\xampp\\htdocs\\TTTD_KTPM_Clone2\\vendor\\laravel\\framework\\src\\Illuminate\\Pipeline\\Pipeline.php(209): Illuminate\\Foundation\\Http\\Middleware\\VerifyCsrfToken->handle(Object(Illuminate\\Http\\Request), Object(Closure))
#21 C:\\D\\xampp\\htdocs\\TTTD_KTPM_Clone2\\vendor\\laravel\\framework\\src\\Illuminate\\View\\Middleware\\ShareErrorsFromSession.php(49): Illuminate\\Pipeline\\Pipeline->Illuminate\\Pipeline\\{closure}(Object(Illuminate\\Http\\Request))
#22 C:\\D\\xampp\\htdocs\\TTTD_KTPM_Clone2\\vendor\\laravel\\framework\\src\\Illuminate\\Pipeline\\Pipeline.php(209): Illuminate\\View\\Middleware\\ShareErrorsFromSession->handle(Object(Illuminate\\Http\\Request), Object(Closure))
#23 C:\\D\\xampp\\htdocs\\TTTD_KTPM_Clone2\\vendor\\laravel\\framework\\src\\Illuminate\\Session\\Middleware\\StartSession.php(121): Illuminate\\Pipeline\\Pipeline->Illuminate\\Pipeline\\{closure}(Object(Illuminate\\Http\\Request))
#24 C:\\D\\xampp\\htdocs\\TTTD_KTPM_Clone2\\vendor\\laravel\\framework\\src\\Illuminate\\Session\\Middleware\\StartSession.php(64): Illuminate\\Session\\Middleware\\StartSession->handleStatefulRequest(Object(Illuminate\\Http\\Request), Object(Illuminate\\Session\\Store), Object(Closure))
#25 C:\\D\\xampp\\htdocs\\TTTD_KTPM_Clone2\\vendor\\laravel\\framework\\src\\Illuminate\\Pipeline\\Pipeline.php(209): Illuminate\\Session\\Middleware\\StartSession->handle(Object(Illuminate\\Http\\Request), Object(Closure))
#26 C:\\D\\xampp\\htdocs\\TTTD_KTPM_Clone2\\vendor\\laravel\\framework\\src\\Illuminate\\Cookie\\Middleware\\AddQueuedCookiesToResponse.php(37): Illuminate\\Pipeline\\Pipeline->Illuminate\\Pipeline\\{closure}(Object(Illuminate\\Http\\Request))
#27 C:\\D\\xampp\\htdocs\\TTTD_KTPM_Clone2\\vendor\\laravel\\framework\\src\\Illuminate\\Pipeline\\Pipeline.php(209): Illuminate\\Cookie\\Middleware\\AddQueuedCookiesToResponse->handle(Object(Illuminate\\Http\\Request), Object(Closure))
#28 C:\\D\\xampp\\htdocs\\TTTD_KTPM_Clone2\\vendor\\laravel\\framework\\src\\Illuminate\\Cookie\\Middleware\\EncryptCookies.php(75): Illuminate\\Pipeline\\Pipeline->Illuminate\\Pipeline\\{closure}(Object(Illuminate\\Http\\Request))
#29 C:\\D\\xampp\\htdocs\\TTTD_KTPM_Clone2\\vendor\\laravel\\framework\\src\\Illuminate\\Pipeline\\Pipeline.php(209): Illuminate\\Cookie\\Middleware\\EncryptCookies->handle(Object(Illuminate\\Http\\Request), Object(Closure))
#30 C:\\D\\xampp\\htdocs\\TTTD_KTPM_Clone2\\vendor\\laravel\\framework\\src\\Illuminate\\Pipeline\\Pipeline.php(127): Illuminate\\Pipeline\\Pipeline->Illuminate\\Pipeline\\{closure}(Object(Illuminate\\Http\\Request))
#31 C:\\D\\xampp\\htdocs\\TTTD_KTPM_Clone2\\vendor\\laravel\\framework\\src\\Illuminate\\Routing\\Router.php(807): Illuminate\\Pipeline\\Pipeline->then(Object(Closure))
#32 C:\\D\\xampp\\htdocs\\TTTD_KTPM_Clone2\\vendor\\laravel\\framework\\src\\Illuminate\\Routing\\Router.php(786): Illuminate\\Routing\\Router->runRouteWithinStack(Object(Illuminate\\Routing\\Route), Object(Illuminate\\Http\\Request))
#33 C:\\D\\xampp\\htdocs\\TTTD_KTPM_Clone2\\vendor\\laravel\\framework\\src\\Illuminate\\Routing\\Router.php(750): Illuminate\\Routing\\Router->runRoute(Object(Illuminate\\Http\\Request), Object(Illuminate\\Routing\\Route))
#34 C:\\D\\xampp\\htdocs\\TTTD_KTPM_Clone2\\vendor\\laravel\\framework\\src\\Illuminate\\Routing\\Router.php(739): Illuminate\\Routing\\Router->dispatchToRoute(Object(Illuminate\\Http\\Request))
#35 C:\\D\\xampp\\htdocs\\TTTD_KTPM_Clone2\\vendor\\laravel\\framework\\src\\Illuminate\\Foundation\\Http\\Kernel.php(201): Illuminate\\Routing\\Router->dispatch(Object(Illuminate\\Http\\Request))
#36 C:\\D\\xampp\\htdocs\\TTTD_KTPM_Clone2\\vendor\\laravel\\framework\\src\\Illuminate\\Pipeline\\Pipeline.php(170): Illuminate\\Foundation\\Http\\Kernel->Illuminate\\Foundation\\Http\\{closure}(Object(Illuminate\\Http\\Request))
#37 C:\\D\\xampp\\htdocs\\TTTD_KTPM_Clone2\\vendor\\barryvdh\\laravel-debugbar\\src\\Middleware\\InjectDebugbar.php(66): Illuminate\\Pipeline\\Pipeline->Illuminate\\Pipeline\\{closure}(Object(Illuminate\\Http\\Request))
#38 C:\\D\\xampp\\htdocs\\TTTD_KTPM_Clone2\\vendor\\laravel\\framework\\src\\Illuminate\\Pipeline\\Pipeline.php(209): Barryvdh\\Debugbar\\Middleware\\InjectDebugbar->handle(Object(Illuminate\\Http\\Request), Object(Closure))
#39 C:\\D\\xampp\\htdocs\\TTTD_KTPM_Clone2\\packages\\Webkul\\Installer\\src\\Http\\Middleware\\CanInstall.php(30): Illuminate\\Pipeline\\Pipeline->Illuminate\\Pipeline\\{closure}(Object(Illuminate\\Http\\Request))
#40 C:\\D\\xampp\\htdocs\\TTTD_KTPM_Clone2\\vendor\\laravel\\framework\\src\\Illuminate\\Pipeline\\Pipeline.php(209): Webkul\\Installer\\Http\\Middleware\\CanInstall->handle(Object(Illuminate\\Http\\Request), Object(Closure))
#41 C:\\D\\xampp\\htdocs\\TTTD_KTPM_Clone2\\packages\\Webkul\\Core\\src\\Http\\Middleware\\SecureHeaders.php(29): Illuminate\\Pipeline\\Pipeline->Illuminate\\Pipeline\\{closure}(Object(Illuminate\\Http\\Request))
#42 C:\\D\\xampp\\htdocs\\TTTD_KTPM_Clone2\\vendor\\laravel\\framework\\src\\Illuminate\\Pipeline\\Pipeline.php(209): Webkul\\Core\\Http\\Middleware\\SecureHeaders->handle(Object(Illuminate\\Http\\Request), Object(Closure))
#43 C:\\D\\xampp\\htdocs\\TTTD_KTPM_Clone2\\vendor\\laravel\\framework\\src\\Illuminate\\Foundation\\Http\\Middleware\\TransformsRequest.php(21): Illuminate\\Pipeline\\Pipeline->Illuminate\\Pipeline\\{closure}(Object(Illuminate\\Http\\Request))
#44 C:\\D\\xampp\\htdocs\\TTTD_KTPM_Clone2\\vendor\\laravel\\framework\\src\\Illuminate\\Foundation\\Http\\Middleware\\TrimStrings.php(51): Illuminate\\Foundation\\Http\\Middleware\\TransformsRequest->handle(Object(Illuminate\\Http\\Request), Object(Closure))
#45 C:\\D\\xampp\\htdocs\\TTTD_KTPM_Clone2\\vendor\\laravel\\framework\\src\\Illuminate\\Pipeline\\Pipeline.php(209): Illuminate\\Foundation\\Http\\Middleware\\TrimStrings->handle(Object(Illuminate\\Http\\Request), Object(Closure))
#46 C:\\D\\xampp\\htdocs\\TTTD_KTPM_Clone2\\vendor\\laravel\\framework\\src\\Illuminate\\Http\\Middleware\\ValidatePostSize.php(27): Illuminate\\Pipeline\\Pipeline->Illuminate\\Pipeline\\{closure}(Object(Illuminate\\Http\\Request))
#47 C:\\D\\xampp\\htdocs\\TTTD_KTPM_Clone2\\vendor\\laravel\\framework\\src\\Illuminate\\Pipeline\\Pipeline.php(209): Illuminate\\Http\\Middleware\\ValidatePostSize->handle(Object(Illuminate\\Http\\Request), Object(Closure))
#48 C:\\D\\xampp\\htdocs\\TTTD_KTPM_Clone2\\vendor\\laravel\\framework\\src\\Illuminate\\Http\\Middleware\\HandleCors.php(49): Illuminate\\Pipeline\\Pipeline->Illuminate\\Pipeline\\{closure}(Object(Illuminate\\Http\\Request))
#49 C:\\D\\xampp\\htdocs\\TTTD_KTPM_Clone2\\vendor\\laravel\\framework\\src\\Illuminate\\Pipeline\\Pipeline.php(209): Illuminate\\Http\\Middleware\\HandleCors->handle(Object(Illuminate\\Http\\Request), Object(Closure))
#50 C:\\D\\xampp\\htdocs\\TTTD_KTPM_Clone2\\vendor\\laravel\\framework\\src\\Illuminate\\Http\\Middleware\\TrustProxies.php(58): Illuminate\\Pipeline\\Pipeline->Illuminate\\Pipeline\\{closure}(Object(Illuminate\\Http\\Request))
#51 C:\\D\\xampp\\htdocs\\TTTD_KTPM_Clone2\\vendor\\laravel\\framework\\src\\Illuminate\\Pipeline\\Pipeline.php(209): Illuminate\\Http\\Middleware\\TrustProxies->handle(Object(Illuminate\\Http\\Request), Object(Closure))
#52 C:\\D\\xampp\\htdocs\\TTTD_KTPM_Clone2\\vendor\\laravel\\framework\\src\\Illuminate\\Foundation\\Http\\Middleware\\InvokeDeferredCallbacks.php(22): Illuminate\\Pipeline\\Pipeline->Illuminate\\Pipeline\\{closure}(Object(Illuminate\\Http\\Request))
#53 C:\\D\\xampp\\htdocs\\TTTD_KTPM_Clone2\\vendor\\laravel\\framework\\src\\Illuminate\\Pipeline\\Pipeline.php(209): Illuminate\\Foundation\\Http\\Middleware\\InvokeDeferredCallbacks->handle(Object(Illuminate\\Http\\Request), Object(Closure))
#54 C:\\D\\xampp\\htdocs\\TTTD_KTPM_Clone2\\vendor\\laravel\\framework\\src\\Illuminate\\Pipeline\\Pipeline.php(127): Illuminate\\Pipeline\\Pipeline->Illuminate\\Pipeline\\{closure}(Object(Illuminate\\Http\\Request))
#55 C:\\D\\xampp\\htdocs\\TTTD_KTPM_Clone2\\vendor\\laravel\\framework\\src\\Illuminate\\Foundation\\Http\\Kernel.php(176): Illuminate\\Pipeline\\Pipeline->then(Object(Closure))
#56 C:\\D\\xampp\\htdocs\\TTTD_KTPM_Clone2\\vendor\\laravel\\framework\\src\\Illuminate\\Foundation\\Http\\Kernel.php(145): Illuminate\\Foundation\\Http\\Kernel->sendRequestThroughRouter(Object(Illuminate\\Http\\Request))
#57 C:\\D\\xampp\\htdocs\\TTTD_KTPM_Clone2\\public\\index.php(51): Illuminate\\Foundation\\Http\\Kernel->handle(Object(Illuminate\\Http\\Request))
#58 C:\\D\\xampp\\htdocs\\TTTD_KTPM_Clone2\\vendor\\laravel\\framework\\src\\Illuminate\\Foundation\\resources\\server.php(23): require_once('C:\\\\D\\\\xampp\\\\htdo...')
#59 {main}

[previous exception] [object] (ReflectionException(code: -1): Class \"Webkul\\Admin\\Http\\Controllers\\NotificationController\" does not exist at C:\\D\\xampp\\htdocs\\TTTD_KTPM_Clone2\\vendor\\laravel\\framework\\src\\Illuminate\\Container\\Container.php:959)
[stacktrace]
#0 C:\\D\\xampp\\htdocs\\TTTD_KTPM_Clone2\\vendor\\laravel\\framework\\src\\Illuminate\\Container\\Container.php(959): ReflectionClass->__construct('Webkul\\\\Admin\\\\Ht...')
#1 C:\\D\\xampp\\htdocs\\TTTD_KTPM_Clone2\\vendor\\laravel\\framework\\src\\Illuminate\\Container\\Container.php(832): Illuminate\\Container\\Container->build('Webkul\\\\Admin\\\\Ht...')
#2 C:\\D\\xampp\\htdocs\\TTTD_KTPM_Clone2\\vendor\\laravel\\framework\\src\\Illuminate\\Foundation\\Application.php(1078): Illuminate\\Container\\Container->resolve('Webkul\\\\Admin\\\\Ht...', Array, true)
#3 C:\\D\\xampp\\htdocs\\TTTD_KTPM_Clone2\\vendor\\laravel\\framework\\src\\Illuminate\\Container\\Container.php(763): Illuminate\\Foundation\\Application->resolve('Webkul\\\\Admin\\\\Ht...', Array)
#4 C:\\D\\xampp\\htdocs\\TTTD_KTPM_Clone2\\vendor\\laravel\\framework\\src\\Illuminate\\Foundation\\Application.php(1058): Illuminate\\Container\\Container->make('Webkul\\\\Admin\\\\Ht...', Array)
#5 C:\\D\\xampp\\htdocs\\TTTD_KTPM_Clone2\\vendor\\laravel\\framework\\src\\Illuminate\\Routing\\Route.php(285): Illuminate\\Foundation\\Application->make('Webkul\\\\Admin\\\\Ht...')
#6 C:\\D\\xampp\\htdocs\\TTTD_KTPM_Clone2\\vendor\\laravel\\framework\\src\\Illuminate\\Routing\\Route.php(267): Illuminate\\Routing\\Route->getController()
#7 C:\\D\\xampp\\htdocs\\TTTD_KTPM_Clone2\\vendor\\laravel\\framework\\src\\Illuminate\\Routing\\Route.php(212): Illuminate\\Routing\\Route->runController()
#8 C:\\D\\xampp\\htdocs\\TTTD_KTPM_Clone2\\vendor\\laravel\\framework\\src\\Illuminate\\Routing\\Router.php(808): Illuminate\\Routing\\Route->run()
#9 C:\\D\\xampp\\htdocs\\TTTD_KTPM_Clone2\\vendor\\laravel\\framework\\src\\Illuminate\\Pipeline\\Pipeline.php(170): Illuminate\\Routing\\Router->Illuminate\\Routing\\{closure}(Object(Illuminate\\Http\\Request))
#10 C:\\D\\xampp\\htdocs\\TTTD_KTPM_Clone2\\packages\\Webkul\\Core\\src\\Http\\Middleware\\NoCacheMiddleware.php(17): Illuminate\\Pipeline\\Pipeline->Illuminate\\Pipeline\\{closure}(Object(Illuminate\\Http\\Request))
#11 C:\\D\\xampp\\htdocs\\TTTD_KTPM_Clone2\\vendor\\laravel\\framework\\src\\Illuminate\\Pipeline\\Pipeline.php(209): Webkul\\Core\\Http\\Middleware\\NoCacheMiddleware->handle(Object(Illuminate\\Http\\Request), Object(Closure))
#12 C:\\D\\xampp\\htdocs\\TTTD_KTPM_Clone2\\packages\\Webkul\\User\\src\\Http\\Middleware\\Bouncer.php(44): Illuminate\\Pipeline\\Pipeline->Illuminate\\Pipeline\\{closure}(Object(Illuminate\\Http\\Request))
#13 C:\\D\\xampp\\htdocs\\TTTD_KTPM_Clone2\\vendor\\laravel\\framework\\src\\Illuminate\\Pipeline\\Pipeline.php(209): Webkul\\User\\Http\\Middleware\\Bouncer->handle(Object(Illuminate\\Http\\Request), Object(Closure))
#14 C:\\D\\xampp\\htdocs\\TTTD_KTPM_Clone2\\packages\\Webkul\\Core\\src\\Http\\Middleware\\PreventRequestsDuringMaintenance.php(109): Illuminate\\Pipeline\\Pipeline->Illuminate\\Pipeline\\{closure}(Object(Illuminate\\Http\\Request))
#15 C:\\D\\xampp\\htdocs\\TTTD_KTPM_Clone2\\vendor\\laravel\\framework\\src\\Illuminate\\Pipeline\\Pipeline.php(209): Webkul\\Core\\Http\\Middleware\\PreventRequestsDuringMaintenance->handle(Object(Illuminate\\Http\\Request), Object(Closure))
#16 C:\\D\\xampp\\htdocs\\TTTD_KTPM_Clone2\\vendor\\barryvdh\\laravel-debugbar\\src\\Middleware\\InjectDebugbar.php(66): Illuminate\\Pipeline\\Pipeline->Illuminate\\Pipeline\\{closure}(Object(Illuminate\\Http\\Request))
#17 C:\\D\\xampp\\htdocs\\TTTD_KTPM_Clone2\\vendor\\laravel\\framework\\src\\Illuminate\\Pipeline\\Pipeline.php(209): Barryvdh\\Debugbar\\Middleware\\InjectDebugbar->handle(Object(Illuminate\\Http\\Request), Object(Closure))
#18 C:\\D\\xampp\\htdocs\\TTTD_KTPM_Clone2\\vendor\\laravel\\framework\\src\\Illuminate\\Routing\\Middleware\\SubstituteBindings.php(51): Illuminate\\Pipeline\\Pipeline->Illuminate\\Pipeline\\{closure}(Object(Illuminate\\Http\\Request))
#19 C:\\D\\xampp\\htdocs\\TTTD_KTPM_Clone2\\vendor\\laravel\\framework\\src\\Illuminate\\Pipeline\\Pipeline.php(209): Illuminate\\Routing\\Middleware\\SubstituteBindings->handle(Object(Illuminate\\Http\\Request), Object(Closure))
#20 C:\\D\\xampp\\htdocs\\TTTD_KTPM_Clone2\\vendor\\laravel\\framework\\src\\Illuminate\\Foundation\\Http\\Middleware\\VerifyCsrfToken.php(88): Illuminate\\Pipeline\\Pipeline->Illuminate\\Pipeline\\{closure}(Object(Illuminate\\Http\\Request))
#21 C:\\D\\xampp\\htdocs\\TTTD_KTPM_Clone2\\vendor\\laravel\\framework\\src\\Illuminate\\Pipeline\\Pipeline.php(209): Illuminate\\Foundation\\Http\\Middleware\\VerifyCsrfToken->handle(Object(Illuminate\\Http\\Request), Object(Closure))
#22 C:\\D\\xampp\\htdocs\\TTTD_KTPM_Clone2\\vendor\\laravel\\framework\\src\\Illuminate\\View\\Middleware\\ShareErrorsFromSession.php(49): Illuminate\\Pipeline\\Pipeline->Illuminate\\Pipeline\\{closure}(Object(Illuminate\\Http\\Request))
#23 C:\\D\\xampp\\htdocs\\TTTD_KTPM_Clone2\\vendor\\laravel\\framework\\src\\Illuminate\\Pipeline\\Pipeline.php(209): Illuminate\\View\\Middleware\\ShareErrorsFromSession->handle(Object(Illuminate\\Http\\Request), Object(Closure))
#24 C:\\D\\xampp\\htdocs\\TTTD_KTPM_Clone2\\vendor\\laravel\\framework\\src\\Illuminate\\Session\\Middleware\\StartSession.php(121): Illuminate\\Pipeline\\Pipeline->Illuminate\\Pipeline\\{closure}(Object(Illuminate\\Http\\Request))
#25 C:\\D\\xampp\\htdocs\\TTTD_KTPM_Clone2\\vendor\\laravel\\framework\\src\\Illuminate\\Session\\Middleware\\StartSession.php(64): Illuminate\\Session\\Middleware\\StartSession->handleStatefulRequest(Object(Illuminate\\Http\\Request), Object(Illuminate\\Session\\Store), Object(Closure))
#26 C:\\D\\xampp\\htdocs\\TTTD_KTPM_Clone2\\vendor\\laravel\\framework\\src\\Illuminate\\Pipeline\\Pipeline.php(209): Illuminate\\Session\\Middleware\\StartSession->handle(Object(Illuminate\\Http\\Request), Object(Closure))
#27 C:\\D\\xampp\\htdocs\\TTTD_KTPM_Clone2\\vendor\\laravel\\framework\\src\\Illuminate\\Cookie\\Middleware\\AddQueuedCookiesToResponse.php(37): Illuminate\\Pipeline\\Pipeline->Illuminate\\Pipeline\\{closure}(Object(Illuminate\\Http\\Request))
#28 C:\\D\\xampp\\htdocs\\TTTD_KTPM_Clone2\\vendor\\laravel\\framework\\src\\Illuminate\\Pipeline\\Pipeline.php(209): Illuminate\\Cookie\\Middleware\\AddQueuedCookiesToResponse->handle(Object(Illuminate\\Http\\Request), Object(Closure))
#29 C:\\D\\xampp\\htdocs\\TTTD_KTPM_Clone2\\vendor\\laravel\\framework\\src\\Illuminate\\Cookie\\Middleware\\EncryptCookies.php(75): Illuminate\\Pipeline\\Pipeline->Illuminate\\Pipeline\\{closure}(Object(Illuminate\\Http\\Request))
#30 C:\\D\\xampp\\htdocs\\TTTD_KTPM_Clone2\\vendor\\laravel\\framework\\src\\Illuminate\\Pipeline\\Pipeline.php(209): Illuminate\\Cookie\\Middleware\\EncryptCookies->handle(Object(Illuminate\\Http\\Request), Object(Closure))
#31 C:\\D\\xampp\\htdocs\\TTTD_KTPM_Clone2\\vendor\\laravel\\framework\\src\\Illuminate\\Pipeline\\Pipeline.php(127): Illuminate\\Pipeline\\Pipeline->Illuminate\\Pipeline\\{closure}(Object(Illuminate\\Http\\Request))
#32 C:\\D\\xampp\\htdocs\\TTTD_KTPM_Clone2\\vendor\\laravel\\framework\\src\\Illuminate\\Routing\\Router.php(807): Illuminate\\Pipeline\\Pipeline->then(Object(Closure))
#33 C:\\D\\xampp\\htdocs\\TTTD_KTPM_Clone2\\vendor\\laravel\\framework\\src\\Illuminate\\Routing\\Router.php(786): Illuminate\\Routing\\Router->runRouteWithinStack(Object(Illuminate\\Routing\\Route), Object(Illuminate\\Http\\Request))
#34 C:\\D\\xampp\\htdocs\\TTTD_KTPM_Clone2\\vendor\\laravel\\framework\\src\\Illuminate\\Routing\\Router.php(750): Illuminate\\Routing\\Router->runRoute(Object(Illuminate\\Http\\Request), Object(Illuminate\\Routing\\Route))
#35 C:\\D\\xampp\\htdocs\\TTTD_KTPM_Clone2\\vendor\\laravel\\framework\\src\\Illuminate\\Routing\\Router.php(739): Illuminate\\Routing\\Router->dispatchToRoute(Object(Illuminate\\Http\\Request))
#36 C:\\D\\xampp\\htdocs\\TTTD_KTPM_Clone2\\vendor\\laravel\\framework\\src\\Illuminate\\Foundation\\Http\\Kernel.php(201): Illuminate\\Routing\\Router->dispatch(Object(Illuminate\\Http\\Request))
#37 C:\\D\\xampp\\htdocs\\TTTD_KTPM_Clone2\\vendor\\laravel\\framework\\src\\Illuminate\\Pipeline\\Pipeline.php(170): Illuminate\\Foundation\\Http\\Kernel->Illuminate\\Foundation\\Http\\{closure}(Object(Illuminate\\Http\\Request))
#38 C:\\D\\xampp\\htdocs\\TTTD_KTPM_Clone2\\vendor\\barryvdh\\laravel-debugbar\\src\\Middleware\\InjectDebugbar.php(66): Illuminate\\Pipeline\\Pipeline->Illuminate\\Pipeline\\{closure}(Object(Illuminate\\Http\\Request))
#39 C:\\D\\xampp\\htdocs\\TTTD_KTPM_Clone2\\vendor\\laravel\\framework\\src\\Illuminate\\Pipeline\\Pipeline.php(209): Barryvdh\\Debugbar\\Middleware\\InjectDebugbar->handle(Object(Illuminate\\Http\\Request), Object(Closure))
#40 C:\\D\\xampp\\htdocs\\TTTD_KTPM_Clone2\\packages\\Webkul\\Installer\\src\\Http\\Middleware\\CanInstall.php(30): Illuminate\\Pipeline\\Pipeline->Illuminate\\Pipeline\\{closure}(Object(Illuminate\\Http\\Request))
#41 C:\\D\\xampp\\htdocs\\TTTD_KTPM_Clone2\\vendor\\laravel\\framework\\src\\Illuminate\\Pipeline\\Pipeline.php(209): Webkul\\Installer\\Http\\Middleware\\CanInstall->handle(Object(Illuminate\\Http\\Request), Object(Closure))
#42 C:\\D\\xampp\\htdocs\\TTTD_KTPM_Clone2\\packages\\Webkul\\Core\\src\\Http\\Middleware\\SecureHeaders.php(29): Illuminate\\Pipeline\\Pipeline->Illuminate\\Pipeline\\{closure}(Object(Illuminate\\Http\\Request))
#43 C:\\D\\xampp\\htdocs\\TTTD_KTPM_Clone2\\vendor\\laravel\\framework\\src\\Illuminate\\Pipeline\\Pipeline.php(209): Webkul\\Core\\Http\\Middleware\\SecureHeaders->handle(Object(Illuminate\\Http\\Request), Object(Closure))
#44 C:\\D\\xampp\\htdocs\\TTTD_KTPM_Clone2\\vendor\\laravel\\framework\\src\\Illuminate\\Foundation\\Http\\Middleware\\TransformsRequest.php(21): Illuminate\\Pipeline\\Pipeline->Illuminate\\Pipeline\\{closure}(Object(Illuminate\\Http\\Request))
#45 C:\\D\\xampp\\htdocs\\TTTD_KTPM_Clone2\\vendor\\laravel\\framework\\src\\Illuminate\\Foundation\\Http\\Middleware\\TrimStrings.php(51): Illuminate\\Foundation\\Http\\Middleware\\TransformsRequest->handle(Object(Illuminate\\Http\\Request), Object(Closure))
#46 C:\\D\\xampp\\htdocs\\TTTD_KTPM_Clone2\\vendor\\laravel\\framework\\src\\Illuminate\\Pipeline\\Pipeline.php(209): Illuminate\\Foundation\\Http\\Middleware\\TrimStrings->handle(Object(Illuminate\\Http\\Request), Object(Closure))
#47 C:\\D\\xampp\\htdocs\\TTTD_KTPM_Clone2\\vendor\\laravel\\framework\\src\\Illuminate\\Http\\Middleware\\ValidatePostSize.php(27): Illuminate\\Pipeline\\Pipeline->Illuminate\\Pipeline\\{closure}(Object(Illuminate\\Http\\Request))
#48 C:\\D\\xampp\\htdocs\\TTTD_KTPM_Clone2\\vendor\\laravel\\framework\\src\\Illuminate\\Pipeline\\Pipeline.php(209): Illuminate\\Http\\Middleware\\ValidatePostSize->handle(Object(Illuminate\\Http\\Request), Object(Closure))
#49 C:\\D\\xampp\\htdocs\\TTTD_KTPM_Clone2\\vendor\\laravel\\framework\\src\\Illuminate\\Http\\Middleware\\HandleCors.php(49): Illuminate\\Pipeline\\Pipeline->Illuminate\\Pipeline\\{closure}(Object(Illuminate\\Http\\Request))
#50 C:\\D\\xampp\\htdocs\\TTTD_KTPM_Clone2\\vendor\\laravel\\framework\\src\\Illuminate\\Pipeline\\Pipeline.php(209): Illuminate\\Http\\Middleware\\HandleCors->handle(Object(Illuminate\\Http\\Request), Object(Closure))
#51 C:\\D\\xampp\\htdocs\\TTTD_KTPM_Clone2\\vendor\\laravel\\framework\\src\\Illuminate\\Http\\Middleware\\TrustProxies.php(58): Illuminate\\Pipeline\\Pipeline->Illuminate\\Pipeline\\{closure}(Object(Illuminate\\Http\\Request))
#52 C:\\D\\xampp\\htdocs\\TTTD_KTPM_Clone2\\vendor\\laravel\\framework\\src\\Illuminate\\Pipeline\\Pipeline.php(209): Illuminate\\Http\\Middleware\\TrustProxies->handle(Object(Illuminate\\Http\\Request), Object(Closure))
#53 C:\\D\\xampp\\htdocs\\TTTD_KTPM_Clone2\\vendor\\laravel\\framework\\src\\Illuminate\\Foundation\\Http\\Middleware\\InvokeDeferredCallbacks.php(22): Illuminate\\Pipeline\\Pipeline->Illuminate\\Pipeline\\{closure}(Object(Illuminate\\Http\\Request))
#54 C:\\D\\xampp\\htdocs\\TTTD_KTPM_Clone2\\vendor\\laravel\\framework\\src\\Illuminate\\Pipeline\\Pipeline.php(209): Illuminate\\Foundation\\Http\\Middleware\\InvokeDeferredCallbacks->handle(Object(Illuminate\\Http\\Request), Object(Closure))
#55 C:\\D\\xampp\\htdocs\\TTTD_KTPM_Clone2\\vendor\\laravel\\framework\\src\\Illuminate\\Pipeline\\Pipeline.php(127): Illuminate\\Pipeline\\Pipeline->Illuminate\\Pipeline\\{closure}(Object(Illuminate\\Http\\Request))
#56 C:\\D\\xampp\\htdocs\\TTTD_KTPM_Clone2\\vendor\\laravel\\framework\\src\\Illuminate\\Foundation\\Http\\Kernel.php(176): Illuminate\\Pipeline\\Pipeline->then(Object(Closure))
#57 C:\\D\\xampp\\htdocs\\TTTD_KTPM_Clone2\\vendor\\laravel\\framework\\src\\Illuminate\\Foundation\\Http\\Kernel.php(145): Illuminate\\Foundation\\Http\\Kernel->sendRequestThroughRouter(Object(Illuminate\\Http\\Request))
#58 C:\\D\\xampp\\htdocs\\TTTD_KTPM_Clone2\\public\\index.php(51): Illuminate\\Foundation\\Http\\Kernel->handle(Object(Illuminate\\Http\\Request))
#59 C:\\D\\xampp\\htdocs\\TTTD_KTPM_Clone2\\vendor\\laravel\\framework\\src\\Illuminate\\Foundation\\resources\\server.php(23): require_once('C:\\\\D\\\\xampp\\\\htdo...')
#60 {main}
"} 
[2025-12-09 22:28:42] local.ERROR: Call to undefined method Webkul\Admin\Helpers\Dashboard::getDateRange() {"exception":"[object] (Error(code: 0): Call to undefined method Webkul\\Admin\\Helpers\\Dashboard::getDateRange() at C:\\D\\xampp\\htdocs\\TTTD_KTPM_Clone2\\packages\\Webkul\\Admin\\src\\Http\\Controllers\\DashboardController.php:55)
[stacktrace]
#0 C:\\D\\xampp\\htdocs\\TTTD_KTPM_Clone2\\vendor\\laravel\\framework\\src\\Illuminate\\Routing\\Controller.php(54): Webkul\\Admin\\Http\\Controllers\\DashboardController->stats()
#1 C:\\D\\xampp\\htdocs\\TTTD_KTPM_Clone2\\vendor\\laravel\\framework\\src\\Illuminate\\Routing\\ControllerDispatcher.php(44): Illuminate\\Routing\\Controller->callAction('stats', Array)
#2 C:\\D\\xampp\\htdocs\\TTTD_KTPM_Clone2\\vendor\\laravel\\framework\\src\\Illuminate\\Routing\\Route.php(266): Illuminate\\Routing\\ControllerDispatcher->dispatch(Object(Illuminate\\Routing\\Route), Object(Webkul\\Admin\\Http\\Controllers\\DashboardController), 'stats')
#3 C:\\D\\xampp\\htdocs\\TTTD_KTPM_Clone2\\vendor\\laravel\\framework\\src\\Illuminate\\Routing\\Route.php(212): Illuminate\\Routing\\Route->runController()
#4 C:\\D\\xampp\\htdocs\\TTTD_KTPM_Clone2\\vendor\\laravel\\framework\\src\\Illuminate\\Routing\\Router.php(808): Illuminate\\Routing\\Route->run()
#5 C:\\D\\xampp\\htdocs\\TTTD_KTPM_Clone2\\vendor\\laravel\\framework\\src\\Illuminate\\Pipeline\\Pipeline.php(170): Illuminate\\Routing\\Router->Illuminate\\Routing\\{closure}(Object(Illuminate\\Http\\Request))
#6 C:\\D\\xampp\\htdocs\\TTTD_KTPM_Clone2\\packages\\Webkul\\Core\\src\\Http\\Middleware\\NoCacheMiddleware.php(17): Illuminate\\Pipeline\\Pipeline->Illuminate\\Pipeline\\{closure}(Object(Illuminate\\Http\\Request))
#7 C:\\D\\xampp\\htdocs\\TTTD_KTPM_Clone2\\vendor\\laravel\\framework\\src\\Illuminate\\Pipeline\\Pipeline.php(209): Webkul\\Core\\Http\\Middleware\\NoCacheMiddleware->handle(Object(Illuminate\\Http\\Request), Object(Closure))
#8 C:\\D\\xampp\\htdocs\\TTTD_KTPM_Clone2\\packages\\Webkul\\User\\src\\Http\\Middleware\\Bouncer.php(44): Illuminate\\Pipeline\\Pipeline->Illuminate\\Pipeline\\{closure}(Object(Illuminate\\Http\\Request))
#9 C:\\D\\xampp\\htdocs\\TTTD_KTPM_Clone2\\vendor\\laravel\\framework\\src\\Illuminate\\Pipeline\\Pipeline.php(209): Webkul\\User\\Http\\Middleware\\Bouncer->handle(Object(Illuminate\\Http\\Request), Object(Closure))
#10 C:\\D\\xampp\\htdocs\\TTTD_KTPM_Clone2\\packages\\Webkul\\Core\\src\\Http\\Middleware\\PreventRequestsDuringMaintenance.php(109): Illuminate\\Pipeline\\Pipeline->Illuminate\\Pipeline\\{closure}(Object(Illuminate\\Http\\Request))
#11 C:\\D\\xampp\\htdocs\\TTTD_KTPM_Clone2\\vendor\\laravel\\framework\\src\\Illuminate\\Pipeline\\Pipeline.php(209): Webkul\\Core\\Http\\Middleware\\PreventRequestsDuringMaintenance->handle(Object(Illuminate\\Http\\Request), Object(Closure))
#12 C:\\D\\xampp\\htdocs\\TTTD_KTPM_Clone2\\vendor\\barryvdh\\laravel-debugbar\\src\\Middleware\\InjectDebugbar.php(66): Illuminate\\Pipeline\\Pipeline->Illuminate\\Pipeline\\{closure}(Object(Illuminate\\Http\\Request))
#13 C:\\D\\xampp\\htdocs\\TTTD_KTPM_Clone2\\vendor\\laravel\\framework\\src\\Illuminate\\Pipeline\\Pipeline.php(209): Barryvdh\\Debugbar\\Middleware\\InjectDebugbar->handle(Object(Illuminate\\Http\\Request), Object(Closure))
#14 C:\\D\\xampp\\htdocs\\TTTD_KTPM_Clone2\\vendor\\laravel\\framework\\src\\Illuminate\\Routing\\Middleware\\SubstituteBindings.php(51): Illuminate\\Pipeline\\Pipeline->Illuminate\\Pipeline\\{closure}(Object(Illuminate\\Http\\Request))
#15 C:\\D\\xampp\\htdocs\\TTTD_KTPM_Clone2\\vendor\\laravel\\framework\\src\\Illuminate\\Pipeline\\Pipeline.php(209): Illuminate\\Routing\\Middleware\\SubstituteBindings->handle(Object(Illuminate\\Http\\Request), Object(Closure))
#16 C:\\D\\xampp\\htdocs\\TTTD_KTPM_Clone2\\vendor\\laravel\\framework\\src\\Illuminate\\Foundation\\Http\\Middleware\\VerifyCsrfToken.php(88): Illuminate\\Pipeline\\Pipeline->Illuminate\\Pipeline\\{closure}(Object(Illuminate\\Http\\Request))
#17 C:\\D\\xampp\\htdocs\\TTTD_KTPM_Clone2\\vendor\\laravel\\framework\\src\\Illuminate\\Pipeline\\Pipeline.php(209): Illuminate\\Foundation\\Http\\Middleware\\VerifyCsrfToken->handle(Object(Illuminate\\Http\\Request), Object(Closure))
#18 C:\\D\\xampp\\htdocs\\TTTD_KTPM_Clone2\\vendor\\laravel\\framework\\src\\Illuminate\\View\\Middleware\\ShareErrorsFromSession.php(49): Illuminate\\Pipeline\\Pipeline->Illuminate\\Pipeline\\{closure}(Object(Illuminate\\Http\\Request))
#19 C:\\D\\xampp\\htdocs\\TTTD_KTPM_Clone2\\vendor\\laravel\\framework\\src\\Illuminate\\Pipeline\\Pipeline.php(209): Illuminate\\View\\Middleware\\ShareErrorsFromSession->handle(Object(Illuminate\\Http\\Request), Object(Closure))
#20 C:\\D\\xampp\\htdocs\\TTTD_KTPM_Clone2\\vendor\\laravel\\framework\\src\\Illuminate\\Session\\Middleware\\StartSession.php(121): Illuminate\\Pipeline\\Pipeline->Illuminate\\Pipeline\\{closure}(Object(Illuminate\\Http\\Request))
#21 C:\\D\\xampp\\htdocs\\TTTD_KTPM_Clone2\\vendor\\laravel\\framework\\src\\Illuminate\\Session\\Middleware\\StartSession.php(64): Illuminate\\Session\\Middleware\\StartSession->handleStatefulRequest(Object(Illuminate\\Http\\Request), Object(Illuminate\\Session\\Store), Object(Closure))
#22 C:\\D\\xampp\\htdocs\\TTTD_KTPM_Clone2\\vendor\\laravel\\framework\\src\\Illuminate\\Pipeline\\Pipeline.php(209): Illuminate\\Session\\Middleware\\StartSession->handle(Object(Illuminate\\Http\\Request), Object(Closure))
#23 C:\\D\\xampp\\htdocs\\TTTD_KTPM_Clone2\\vendor\\laravel\\framework\\src\\Illuminate\\Cookie\\Middleware\\AddQueuedCookiesToResponse.php(37): Illuminate\\Pipeline\\Pipeline->Illuminate\\Pipeline\\{closure}(Object(Illuminate\\Http\\Request))
#24 C:\\D\\xampp\\htdocs\\TTTD_KTPM_Clone2\\vendor\\laravel\\framework\\src\\Illuminate\\Pipeline\\Pipeline.php(209): Illuminate\\Cookie\\Middleware\\AddQueuedCookiesToResponse->handle(Object(Illuminate\\Http\\Request), Object(Closure))
#25 C:\\D\\xampp\\htdocs\\TTTD_KTPM_Clone2\\vendor\\laravel\\framework\\src\\Illuminate\\Cookie\\Middleware\\EncryptCookies.php(75): Illuminate\\Pipeline\\Pipeline->Illuminate\\Pipeline\\{closure}(Object(Illuminate\\Http\\Request))
#26 C:\\D\\xampp\\htdocs\\TTTD_KTPM_Clone2\\vendor\\laravel\\framework\\src\\Illuminate\\Pipeline\\Pipeline.php(209): Illuminate\\Cookie\\Middleware\\EncryptCookies->handle(Object(Illuminate\\Http\\Request), Object(Closure))
#27 C:\\D\\xampp\\htdocs\\TTTD_KTPM_Clone2\\vendor\\laravel\\framework\\src\\Illuminate\\Pipeline\\Pipeline.php(127): Illuminate\\Pipeline\\Pipeline->Illuminate\\Pipeline\\{closure}(Object(Illuminate\\Http\\Request))
#28 C:\\D\\xampp\\htdocs\\TTTD_KTPM_Clone2\\vendor\\laravel\\framework\\src\\Illuminate\\Routing\\Router.php(807): Illuminate\\Pipeline\\Pipeline->then(Object(Closure))
#29 C:\\D\\xampp\\htdocs\\TTTD_KTPM_Clone2\\vendor\\laravel\\framework\\src\\Illuminate\\Routing\\Router.php(786): Illuminate\\Routing\\Router->runRouteWithinStack(Object(Illuminate\\Routing\\Route), Object(Illuminate\\Http\\Request))
#30 C:\\D\\xampp\\htdocs\\TTTD_KTPM_Clone2\\vendor\\laravel\\framework\\src\\Illuminate\\Routing\\Router.php(750): Illuminate\\Routing\\Router->runRoute(Object(Illuminate\\Http\\Request), Object(Illuminate\\Routing\\Route))
#31 C:\\D\\xampp\\htdocs\\TTTD_KTPM_Clone2\\vendor\\laravel\\framework\\src\\Illuminate\\Routing\\Router.php(739): Illuminate\\Routing\\Router->dispatchToRoute(Object(Illuminate\\Http\\Request))
#32 C:\\D\\xampp\\htdocs\\TTTD_KTPM_Clone2\\vendor\\laravel\\framework\\src\\Illuminate\\Foundation\\Http\\Kernel.php(201): Illuminate\\Routing\\Router->dispatch(Object(Illuminate\\Http\\Request))
#33 C:\\D\\xampp\\htdocs\\TTTD_KTPM_Clone2\\vendor\\laravel\\framework\\src\\Illuminate\\Pipeline\\Pipeline.php(170): Illuminate\\Foundation\\Http\\Kernel->Illuminate\\Foundation\\Http\\{closure}(Object(Illuminate\\Http\\Request))
#34 C:\\D\\xampp\\htdocs\\TTTD_KTPM_Clone2\\vendor\\barryvdh\\laravel-debugbar\\src\\Middleware\\InjectDebugbar.php(66): Illuminate\\Pipeline\\Pipeline->Illuminate\\Pipeline\\{closure}(Object(Illuminate\\Http\\Request))
#35 C:\\D\\xampp\\htdocs\\TTTD_KTPM_Clone2\\vendor\\laravel\\framework\\src\\Illuminate\\Pipeline\\Pipeline.php(209): Barryvdh\\Debugbar\\Middleware\\InjectDebugbar->handle(Object(Illuminate\\Http\\Request), Object(Closure))
#36 C:\\D\\xampp\\htdocs\\TTTD_KTPM_Clone2\\packages\\Webkul\\Installer\\src\\Http\\Middleware\\CanInstall.php(30): Illuminate\\Pipeline\\Pipeline->Illuminate\\Pipeline\\{closure}(Object(Illuminate\\Http\\Request))
#37 C:\\D\\xampp\\htdocs\\TTTD_KTPM_Clone2\\vendor\\laravel\\framework\\src\\Illuminate\\Pipeline\\Pipeline.php(209): Webkul\\Installer\\Http\\Middleware\\CanInstall->handle(Object(Illuminate\\Http\\Request), Object(Closure))
#38 C:\\D\\xampp\\htdocs\\TTTD_KTPM_Clone2\\packages\\Webkul\\Core\\src\\Http\\Middleware\\SecureHeaders.php(29): Illuminate\\Pipeline\\Pipeline->Illuminate\\Pipeline\\{closure}(Object(Illuminate\\Http\\Request))
#39 C:\\D\\xampp\\htdocs\\TTTD_KTPM_Clone2\\vendor\\laravel\\framework\\src\\Illuminate\\Pipeline\\Pipeline.php(209): Webkul\\Core\\Http\\Middleware\\SecureHeaders->handle(Object(Illuminate\\Http\\Request), Object(Closure))
#40 C:\\D\\xampp\\htdocs\\TTTD_KTPM_Clone2\\vendor\\laravel\\framework\\src\\Illuminate\\Foundation\\Http\\Middleware\\TransformsRequest.php(21): Illuminate\\Pipeline\\Pipeline->Illuminate\\Pipeline\\{closure}(Object(Illuminate\\Http\\Request))
#41 C:\\D\\xampp\\htdocs\\TTTD_KTPM_Clone2\\vendor\\laravel\\framework\\src\\Illuminate\\Foundation\\Http\\Middleware\\TrimStrings.php(51): Illuminate\\Foundation\\Http\\Middleware\\TransformsRequest->handle(Object(Illuminate\\Http\\Request), Object(Closure))
#42 C:\\D\\xampp\\htdocs\\TTTD_KTPM_Clone2\\vendor\\laravel\\framework\\src\\Illuminate\\Pipeline\\Pipeline.php(209): Illuminate\\Foundation\\Http\\Middleware\\TrimStrings->handle(Object(Illuminate\\Http\\Request), Object(Closure))
#43 C:\\D\\xampp\\htdocs\\TTTD_KTPM_Clone2\\vendor\\laravel\\framework\\src\\Illuminate\\Http\\Middleware\\ValidatePostSize.php(27): Illuminate\\Pipeline\\Pipeline->Illuminate\\Pipeline\\{closure}(Object(Illuminate\\Http\\Request))
#44 C:\\D\\xampp\\htdocs\\TTTD_KTPM_Clone2\\vendor\\laravel\\framework\\src\\Illuminate\\Pipeline\\Pipeline.php(209): Illuminate\\Http\\Middleware\\ValidatePostSize->handle(Object(Illuminate\\Http\\Request), Object(Closure))
#45 C:\\D\\xampp\\htdocs\\TTTD_KTPM_Clone2\\vendor\\laravel\\framework\\src\\Illuminate\\Http\\Middleware\\HandleCors.php(49): Illuminate\\Pipeline\\Pipeline->Illuminate\\Pipeline\\{closure}(Object(Illuminate\\Http\\Request))
#46 C:\\D\\xampp\\htdocs\\TTTD_KTPM_Clone2\\vendor\\laravel\\framework\\src\\Illuminate\\Pipeline\\Pipeline.php(209): Illuminate\\Http\\Middleware\\HandleCors->handle(Object(Illuminate\\Http\\Request), Object(Closure))
#47 C:\\D\\xampp\\htdocs\\TTTD_KTPM_Clone2\\vendor\\laravel\\framework\\src\\Illuminate\\Http\\Middleware\\TrustProxies.php(58): Illuminate\\Pipeline\\Pipeline->Illuminate\\Pipeline\\{closure}(Object(Illuminate\\Http\\Request))
#48 C:\\D\\xampp\\htdocs\\TTTD_KTPM_Clone2\\vendor\\laravel\\framework\\src\\Illuminate\\Pipeline\\Pipeline.php(209): Illuminate\\Http\\Middleware\\TrustProxies->handle(Object(Illuminate\\Http\\Request), Object(Closure))
#49 C:\\D\\xampp\\htdocs\\TTTD_KTPM_Clone2\\vendor\\laravel\\framework\\src\\Illuminate\\Foundation\\Http\\Middleware\\InvokeDeferredCallbacks.php(22): Illuminate\\Pipeline\\Pipeline->Illuminate\\Pipeline\\{closure}(Object(Illuminate\\Http\\Request))
#50 C:\\D\\xampp\\htdocs\\TTTD_KTPM_Clone2\\vendor\\laravel\\framework\\src\\Illuminate\\Pipeline\\Pipeline.php(209): Illuminate\\Foundation\\Http\\Middleware\\InvokeDeferredCallbacks->handle(Object(Illuminate\\Http\\Request), Object(Closure))
#51 C:\\D\\xampp\\htdocs\\TTTD_KTPM_Clone2\\vendor\\laravel\\framework\\src\\Illuminate\\Pipeline\\Pipeline.php(127): Illuminate\\Pipeline\\Pipeline->Illuminate\\Pipeline\\{closure}(Object(Illuminate\\Http\\Request))
#52 C:\\D\\xampp\\htdocs\\TTTD_KTPM_Clone2\\vendor\\laravel\\framework\\src\\Illuminate\\Foundation\\Http\\Kernel.php(176): Illuminate\\Pipeline\\Pipeline->then(Object(Closure))
#53 C:\\D\\xampp\\htdocs\\TTTD_KTPM_Clone2\\vendor\\laravel\\framework\\src\\Illuminate\\Foundation\\Http\\Kernel.php(145): Illuminate\\Foundation\\Http\\Kernel->sendRequestThroughRouter(Object(Illuminate\\Http\\Request))
#54 C:\\D\\xampp\\htdocs\\TTTD_KTPM_Clone2\\public\\index.php(51): Illuminate\\Foundation\\Http\\Kernel->handle(Object(Illuminate\\Http\\Request))
#55 C:\\D\\xampp\\htdocs\\TTTD_KTPM_Clone2\\vendor\\laravel\\framework\\src\\Illuminate\\Foundation\\resources\\server.php(23): require_once('C:\\\\D\\\\xampp\\\\htdo...')
#56 {main}
"} 
[2025-12-09 22:28:45] local.ERROR: Call to undefined method Webkul\Admin\Helpers\Dashboard::getDateRange() {"exception":"[object] (Error(code: 0): Call to undefined method Webkul\\Admin\\Helpers\\Dashboard::getDateRange() at C:\\D\\xampp\\htdocs\\TTTD_KTPM_Clone2\\packages\\Webkul\\Admin\\src\\Http\\Controllers\\DashboardController.php:55)
[stacktrace]
#0 C:\\D\\xampp\\htdocs\\TTTD_KTPM_Clone2\\vendor\\laravel\\framework\\src\\Illuminate\\Routing\\Controller.php(54): Webkul\\Admin\\Http\\Controllers\\DashboardController->stats()
#1 C:\\D\\xampp\\htdocs\\TTTD_KTPM_Clone2\\vendor\\laravel\\framework\\src\\Illuminate\\Routing\\ControllerDispatcher.php(44): Illuminate\\Routing\\Controller->callAction('stats', Array)
#2 C:\\D\\xampp\\htdocs\\TTTD_KTPM_Clone2\\vendor\\laravel\\framework\\src\\Illuminate\\Routing\\Route.php(266): Illuminate\\Routing\\ControllerDispatcher->dispatch(Object(Illuminate\\Routing\\Route), Object(Webkul\\Admin\\Http\\Controllers\\DashboardController), 'stats')
#3 C:\\D\\xampp\\htdocs\\TTTD_KTPM_Clone2\\vendor\\laravel\\framework\\src\\Illuminate\\Routing\\Route.php(212): Illuminate\\Routing\\Route->runController()
#4 C:\\D\\xampp\\htdocs\\TTTD_KTPM_Clone2\\vendor\\laravel\\framework\\src\\Illuminate\\Routing\\Router.php(808): Illuminate\\Routing\\Route->run()
#5 C:\\D\\xampp\\htdocs\\TTTD_KTPM_Clone2\\vendor\\laravel\\framework\\src\\Illuminate\\Pipeline\\Pipeline.php(170): Illuminate\\Routing\\Router->Illuminate\\Routing\\{closure}(Object(Illuminate\\Http\\Request))
#6 C:\\D\\xampp\\htdocs\\TTTD_KTPM_Clone2\\packages\\Webkul\\Core\\src\\Http\\Middleware\\NoCacheMiddleware.php(17): Illuminate\\Pipeline\\Pipeline->Illuminate\\Pipeline\\{closure}(Object(Illuminate\\Http\\Request))
#7 C:\\D\\xampp\\htdocs\\TTTD_KTPM_Clone2\\vendor\\laravel\\framework\\src\\Illuminate\\Pipeline\\Pipeline.php(209): Webkul\\Core\\Http\\Middleware\\NoCacheMiddleware->handle(Object(Illuminate\\Http\\Request), Object(Closure))
#8 C:\\D\\xampp\\htdocs\\TTTD_KTPM_Clone2\\packages\\Webkul\\User\\src\\Http\\Middleware\\Bouncer.php(44): Illuminate\\Pipeline\\Pipeline->Illuminate\\Pipeline\\{closure}(Object(Illuminate\\Http\\Request))
#9 C:\\D\\xampp\\htdocs\\TTTD_KTPM_Clone2\\vendor\\laravel\\framework\\src\\Illuminate\\Pipeline\\Pipeline.php(209): Webkul\\User\\Http\\Middleware\\Bouncer->handle(Object(Illuminate\\Http\\Request), Object(Closure))
#10 C:\\D\\xampp\\htdocs\\TTTD_KTPM_Clone2\\packages\\Webkul\\Core\\src\\Http\\Middleware\\PreventRequestsDuringMaintenance.php(109): Illuminate\\Pipeline\\Pipeline->Illuminate\\Pipeline\\{closure}(Object(Illuminate\\Http\\Request))
#11 C:\\D\\xampp\\htdocs\\TTTD_KTPM_Clone2\\vendor\\laravel\\framework\\src\\Illuminate\\Pipeline\\Pipeline.php(209): Webkul\\Core\\Http\\Middleware\\PreventRequestsDuringMaintenance->handle(Object(Illuminate\\Http\\Request), Object(Closure))
#12 C:\\D\\xampp\\htdocs\\TTTD_KTPM_Clone2\\vendor\\barryvdh\\laravel-debugbar\\src\\Middleware\\InjectDebugbar.php(66): Illuminate\\Pipeline\\Pipeline->Illuminate\\Pipeline\\{closure}(Object(Illuminate\\Http\\Request))
#13 C:\\D\\xampp\\htdocs\\TTTD_KTPM_Clone2\\vendor\\laravel\\framework\\src\\Illuminate\\Pipeline\\Pipeline.php(209): Barryvdh\\Debugbar\\Middleware\\InjectDebugbar->handle(Object(Illuminate\\Http\\Request), Object(Closure))
#14 C:\\D\\xampp\\htdocs\\TTTD_KTPM_Clone2\\vendor\\laravel\\framework\\src\\Illuminate\\Routing\\Middleware\\SubstituteBindings.php(51): Illuminate\\Pipeline\\Pipeline->Illuminate\\Pipeline\\{closure}(Object(Illuminate\\Http\\Request))
#15 C:\\D\\xampp\\htdocs\\TTTD_KTPM_Clone2\\vendor\\laravel\\framework\\src\\Illuminate\\Pipeline\\Pipeline.php(209): Illuminate\\Routing\\Middleware\\SubstituteBindings->handle(Object(Illuminate\\Http\\Request), Object(Closure))
#16 C:\\D\\xampp\\htdocs\\TTTD_KTPM_Clone2\\vendor\\laravel\\framework\\src\\Illuminate\\Foundation\\Http\\Middleware\\VerifyCsrfToken.php(88): Illuminate\\Pipeline\\Pipeline->Illuminate\\Pipeline\\{closure}(Object(Illuminate\\Http\\Request))
#17 C:\\D\\xampp\\htdocs\\TTTD_KTPM_Clone2\\vendor\\laravel\\framework\\src\\Illuminate\\Pipeline\\Pipeline.php(209): Illuminate\\Foundation\\Http\\Middleware\\VerifyCsrfToken->handle(Object(Illuminate\\Http\\Request), Object(Closure))
#18 C:\\D\\xampp\\htdocs\\TTTD_KTPM_Clone2\\vendor\\laravel\\framework\\src\\Illuminate\\View\\Middleware\\ShareErrorsFromSession.php(49): Illuminate\\Pipeline\\Pipeline->Illuminate\\Pipeline\\{closure}(Object(Illuminate\\Http\\Request))
#19 C:\\D\\xampp\\htdocs\\TTTD_KTPM_Clone2\\vendor\\laravel\\framework\\src\\Illuminate\\Pipeline\\Pipeline.php(209): Illuminate\\View\\Middleware\\ShareErrorsFromSession->handle(Object(Illuminate\\Http\\Request), Object(Closure))
#20 C:\\D\\xampp\\htdocs\\TTTD_KTPM_Clone2\\vendor\\laravel\\framework\\src\\Illuminate\\Session\\Middleware\\StartSession.php(121): Illuminate\\Pipeline\\Pipeline->Illuminate\\Pipeline\\{closure}(Object(Illuminate\\Http\\Request))
#21 C:\\D\\xampp\\htdocs\\TTTD_KTPM_Clone2\\vendor\\laravel\\framework\\src\\Illuminate\\Session\\Middleware\\StartSession.php(64): Illuminate\\Session\\Middleware\\StartSession->handleStatefulRequest(Object(Illuminate\\Http\\Request), Object(Illuminate\\Session\\Store), Object(Closure))
#22 C:\\D\\xampp\\htdocs\\TTTD_KTPM_Clone2\\vendor\\laravel\\framework\\src\\Illuminate\\Pipeline\\Pipeline.php(209): Illuminate\\Session\\Middleware\\StartSession->handle(Object(Illuminate\\Http\\Request), Object(Closure))
#23 C:\\D\\xampp\\htdocs\\TTTD_KTPM_Clone2\\vendor\\laravel\\framework\\src\\Illuminate\\Cookie\\Middleware\\AddQueuedCookiesToResponse.php(37): Illuminate\\Pipeline\\Pipeline->Illuminate\\Pipeline\\{closure}(Object(Illuminate\\Http\\Request))
#24 C:\\D\\xampp\\htdocs\\TTTD_KTPM_Clone2\\vendor\\laravel\\framework\\src\\Illuminate\\Pipeline\\Pipeline.php(209): Illuminate\\Cookie\\Middleware\\AddQueuedCookiesToResponse->handle(Object(Illuminate\\Http\\Request), Object(Closure))
#25 C:\\D\\xampp\\htdocs\\TTTD_KTPM_Clone2\\vendor\\laravel\\framework\\src\\Illuminate\\Cookie\\Middleware\\EncryptCookies.php(75): Illuminate\\Pipeline\\Pipeline->Illuminate\\Pipeline\\{closure}(Object(Illuminate\\Http\\Request))
#26 C:\\D\\xampp\\htdocs\\TTTD_KTPM_Clone2\\vendor\\laravel\\framework\\src\\Illuminate\\Pipeline\\Pipeline.php(209): Illuminate\\Cookie\\Middleware\\EncryptCookies->handle(Object(Illuminate\\Http\\Request), Object(Closure))
#27 C:\\D\\xampp\\htdocs\\TTTD_KTPM_Clone2\\vendor\\laravel\\framework\\src\\Illuminate\\Pipeline\\Pipeline.php(127): Illuminate\\Pipeline\\Pipeline->Illuminate\\Pipeline\\{closure}(Object(Illuminate\\Http\\Request))
#28 C:\\D\\xampp\\htdocs\\TTTD_KTPM_Clone2\\vendor\\laravel\\framework\\src\\Illuminate\\Routing\\Router.php(807): Illuminate\\Pipeline\\Pipeline->then(Object(Closure))
#29 C:\\D\\xampp\\htdocs\\TTTD_KTPM_Clone2\\vendor\\laravel\\framework\\src\\Illuminate\\Routing\\Router.php(786): Illuminate\\Routing\\Router->runRouteWithinStack(Object(Illuminate\\Routing\\Route), Object(Illuminate\\Http\\Request))
#30 C:\\D\\xampp\\htdocs\\TTTD_KTPM_Clone2\\vendor\\laravel\\framework\\src\\Illuminate\\Routing\\Router.php(750): Illuminate\\Routing\\Router->runRoute(Object(Illuminate\\Http\\Request), Object(Illuminate\\Routing\\Route))
#31 C:\\D\\xampp\\htdocs\\TTTD_KTPM_Clone2\\vendor\\laravel\\framework\\src\\Illuminate\\Routing\\Router.php(739): Illuminate\\Routing\\Router->dispatchToRoute(Object(Illuminate\\Http\\Request))
#32 C:\\D\\xampp\\htdocs\\TTTD_KTPM_Clone2\\vendor\\laravel\\framework\\src\\Illuminate\\Foundation\\Http\\Kernel.php(201): Illuminate\\Routing\\Router->dispatch(Object(Illuminate\\Http\\Request))
#33 C:\\D\\xampp\\htdocs\\TTTD_KTPM_Clone2\\vendor\\laravel\\framework\\src\\Illuminate\\Pipeline\\Pipeline.php(170): Illuminate\\Foundation\\Http\\Kernel->Illuminate\\Foundation\\Http\\{closure}(Object(Illuminate\\Http\\Request))
#34 C:\\D\\xampp\\htdocs\\TTTD_KTPM_Clone2\\vendor\\barryvdh\\laravel-debugbar\\src\\Middleware\\InjectDebugbar.php(66): Illuminate\\Pipeline\\Pipeline->Illuminate\\Pipeline\\{closure}(Object(Illuminate\\Http\\Request))
#35 C:\\D\\xampp\\htdocs\\TTTD_KTPM_Clone2\\vendor\\laravel\\framework\\src\\Illuminate\\Pipeline\\Pipeline.php(209): Barryvdh\\Debugbar\\Middleware\\InjectDebugbar->handle(Object(Illuminate\\Http\\Request), Object(Closure))
#36 C:\\D\\xampp\\htdocs\\TTTD_KTPM_Clone2\\packages\\Webkul\\Installer\\src\\Http\\Middleware\\CanInstall.php(30): Illuminate\\Pipeline\\Pipeline->Illuminate\\Pipeline\\{closure}(Object(Illuminate\\Http\\Request))
#37 C:\\D\\xampp\\htdocs\\TTTD_KTPM_Clone2\\vendor\\laravel\\framework\\src\\Illuminate\\Pipeline\\Pipeline.php(209): Webkul\\Installer\\Http\\Middleware\\CanInstall->handle(Object(Illuminate\\Http\\Request), Object(Closure))
#38 C:\\D\\xampp\\htdocs\\TTTD_KTPM_Clone2\\packages\\Webkul\\Core\\src\\Http\\Middleware\\SecureHeaders.php(29): Illuminate\\Pipeline\\Pipeline->Illuminate\\Pipeline\\{closure}(Object(Illuminate\\Http\\Request))
#39 C:\\D\\xampp\\htdocs\\TTTD_KTPM_Clone2\\vendor\\laravel\\framework\\src\\Illuminate\\Pipeline\\Pipeline.php(209): Webkul\\Core\\Http\\Middleware\\SecureHeaders->handle(Object(Illuminate\\Http\\Request), Object(Closure))
#40 C:\\D\\xampp\\htdocs\\TTTD_KTPM_Clone2\\vendor\\laravel\\framework\\src\\Illuminate\\Foundation\\Http\\Middleware\\TransformsRequest.php(21): Illuminate\\Pipeline\\Pipeline->Illuminate\\Pipeline\\{closure}(Object(Illuminate\\Http\\Request))
#41 C:\\D\\xampp\\htdocs\\TTTD_KTPM_Clone2\\vendor\\laravel\\framework\\src\\Illuminate\\Foundation\\Http\\Middleware\\TrimStrings.php(51): Illuminate\\Foundation\\Http\\Middleware\\TransformsRequest->handle(Object(Illuminate\\Http\\Request), Object(Closure))
#42 C:\\D\\xampp\\htdocs\\TTTD_KTPM_Clone2\\vendor\\laravel\\framework\\src\\Illuminate\\Pipeline\\Pipeline.php(209): Illuminate\\Foundation\\Http\\Middleware\\TrimStrings->handle(Object(Illuminate\\Http\\Request), Object(Closure))
#43 C:\\D\\xampp\\htdocs\\TTTD_KTPM_Clone2\\vendor\\laravel\\framework\\src\\Illuminate\\Http\\Middleware\\ValidatePostSize.php(27): Illuminate\\Pipeline\\Pipeline->Illuminate\\Pipeline\\{closure}(Object(Illuminate\\Http\\Request))
#44 C:\\D\\xampp\\htdocs\\TTTD_KTPM_Clone2\\vendor\\laravel\\framework\\src\\Illuminate\\Pipeline\\Pipeline.php(209): Illuminate\\Http\\Middleware\\ValidatePostSize->handle(Object(Illuminate\\Http\\Request), Object(Closure))
#45 C:\\D\\xampp\\htdocs\\TTTD_KTPM_Clone2\\vendor\\laravel\\framework\\src\\Illuminate\\Http\\Middleware\\HandleCors.php(49): Illuminate\\Pipeline\\Pipeline->Illuminate\\Pipeline\\{closure}(Object(Illuminate\\Http\\Request))
#46 C:\\D\\xampp\\htdocs\\TTTD_KTPM_Clone2\\vendor\\laravel\\framework\\src\\Illuminate\\Pipeline\\Pipeline.php(209): Illuminate\\Http\\Middleware\\HandleCors->handle(Object(Illuminate\\Http\\Request), Object(Closure))
#47 C:\\D\\xampp\\htdocs\\TTTD_KTPM_Clone2\\vendor\\laravel\\framework\\src\\Illuminate\\Http\\Middleware\\TrustProxies.php(58): Illuminate\\Pipeline\\Pipeline->Illuminate\\Pipeline\\{closure}(Object(Illuminate\\Http\\Request))
#48 C:\\D\\xampp\\htdocs\\TTTD_KTPM_Clone2\\vendor\\laravel\\framework\\src\\Illuminate\\Pipeline\\Pipeline.php(209): Illuminate\\Http\\Middleware\\TrustProxies->handle(Object(Illuminate\\Http\\Request), Object(Closure))
#49 C:\\D\\xampp\\htdocs\\TTTD_KTPM_Clone2\\vendor\\laravel\\framework\\src\\Illuminate\\Foundation\\Http\\Middleware\\InvokeDeferredCallbacks.php(22): Illuminate\\Pipeline\\Pipeline->Illuminate\\Pipeline\\{closure}(Object(Illuminate\\Http\\Request))
#50 C:\\D\\xampp\\htdocs\\TTTD_KTPM_Clone2\\vendor\\laravel\\framework\\src\\Illuminate\\Pipeline\\Pipeline.php(209): Illuminate\\Foundation\\Http\\Middleware\\InvokeDeferredCallbacks->handle(Object(Illuminate\\Http\\Request), Object(Closure))
#51 C:\\D\\xampp\\htdocs\\TTTD_KTPM_Clone2\\vendor\\laravel\\framework\\src\\Illuminate\\Pipeline\\Pipeline.php(127): Illuminate\\Pipeline\\Pipeline->Illuminate\\Pipeline\\{closure}(Object(Illuminate\\Http\\Request))
#52 C:\\D\\xampp\\htdocs\\TTTD_KTPM_Clone2\\vendor\\laravel\\framework\\src\\Illuminate\\Foundation\\Http\\Kernel.php(176): Illuminate\\Pipeline\\Pipeline->then(Object(Closure))
#53 C:\\D\\xampp\\htdocs\\TTTD_KTPM_Clone2\\vendor\\laravel\\framework\\src\\Illuminate\\Foundation\\Http\\Kernel.php(145): Illuminate\\Foundation\\Http\\Kernel->sendRequestThroughRouter(Object(Illuminate\\Http\\Request))
#54 C:\\D\\xampp\\htdocs\\TTTD_KTPM_Clone2\\public\\index.php(51): Illuminate\\Foundation\\Http\\Kernel->handle(Object(Illuminate\\Http\\Request))
#55 C:\\D\\xampp\\htdocs\\TTTD_KTPM_Clone2\\vendor\\laravel\\framework\\src\\Illuminate\\Foundation\\resources\\server.php(23): require_once('C:\\\\D\\\\xampp\\\\htdo...')
#56 {main}
"} 
[2025-12-09 22:28:46] local.ERROR: Call to undefined method Webkul\Admin\Helpers\Dashboard::getDateRange() {"exception":"[object] (Error(code: 0): Call to undefined method Webkul\\Admin\\Helpers\\Dashboard::getDateRange() at C:\\D\\xampp\\htdocs\\TTTD_KTPM_Clone2\\packages\\Webkul\\Admin\\src\\Http\\Controllers\\DashboardController.php:55)
[stacktrace]
#0 C:\\D\\xampp\\htdocs\\TTTD_KTPM_Clone2\\vendor\\laravel\\framework\\src\\Illuminate\\Routing\\Controller.php(54): Webkul\\Admin\\Http\\Controllers\\DashboardController->stats()
#1 C:\\D\\xampp\\htdocs\\TTTD_KTPM_Clone2\\vendor\\laravel\\framework\\src\\Illuminate\\Routing\\ControllerDispatcher.php(44): Illuminate\\Routing\\Controller->callAction('stats', Array)
#2 C:\\D\\xampp\\htdocs\\TTTD_KTPM_Clone2\\vendor\\laravel\\framework\\src\\Illuminate\\Routing\\Route.php(266): Illuminate\\Routing\\ControllerDispatcher->dispatch(Object(Illuminate\\Routing\\Route), Object(Webkul\\Admin\\Http\\Controllers\\DashboardController), 'stats')
#3 C:\\D\\xampp\\htdocs\\TTTD_KTPM_Clone2\\vendor\\laravel\\framework\\src\\Illuminate\\Routing\\Route.php(212): Illuminate\\Routing\\Route->runController()
#4 C:\\D\\xampp\\htdocs\\TTTD_KTPM_Clone2\\vendor\\laravel\\framework\\src\\Illuminate\\Routing\\Router.php(808): Illuminate\\Routing\\Route->run()
#5 C:\\D\\xampp\\htdocs\\TTTD_KTPM_Clone2\\vendor\\laravel\\framework\\src\\Illuminate\\Pipeline\\Pipeline.php(170): Illuminate\\Routing\\Router->Illuminate\\Routing\\{closure}(Object(Illuminate\\Http\\Request))
#6 C:\\D\\xampp\\htdocs\\TTTD_KTPM_Clone2\\packages\\Webkul\\Core\\src\\Http\\Middleware\\NoCacheMiddleware.php(17): Illuminate\\Pipeline\\Pipeline->Illuminate\\Pipeline\\{closure}(Object(Illuminate\\Http\\Request))
#7 C:\\D\\xampp\\htdocs\\TTTD_KTPM_Clone2\\vendor\\laravel\\framework\\src\\Illuminate\\Pipeline\\Pipeline.php(209): Webkul\\Core\\Http\\Middleware\\NoCacheMiddleware->handle(Object(Illuminate\\Http\\Request), Object(Closure))
#8 C:\\D\\xampp\\htdocs\\TTTD_KTPM_Clone2\\packages\\Webkul\\User\\src\\Http\\Middleware\\Bouncer.php(44): Illuminate\\Pipeline\\Pipeline->Illuminate\\Pipeline\\{closure}(Object(Illuminate\\Http\\Request))
#9 C:\\D\\xampp\\htdocs\\TTTD_KTPM_Clone2\\vendor\\laravel\\framework\\src\\Illuminate\\Pipeline\\Pipeline.php(209): Webkul\\User\\Http\\Middleware\\Bouncer->handle(Object(Illuminate\\Http\\Request), Object(Closure))
#10 C:\\D\\xampp\\htdocs\\TTTD_KTPM_Clone2\\packages\\Webkul\\Core\\src\\Http\\Middleware\\PreventRequestsDuringMaintenance.php(109): Illuminate\\Pipeline\\Pipeline->Illuminate\\Pipeline\\{closure}(Object(Illuminate\\Http\\Request))
#11 C:\\D\\xampp\\htdocs\\TTTD_KTPM_Clone2\\vendor\\laravel\\framework\\src\\Illuminate\\Pipeline\\Pipeline.php(209): Webkul\\Core\\Http\\Middleware\\PreventRequestsDuringMaintenance->handle(Object(Illuminate\\Http\\Request), Object(Closure))
#12 C:\\D\\xampp\\htdocs\\TTTD_KTPM_Clone2\\vendor\\barryvdh\\laravel-debugbar\\src\\Middleware\\InjectDebugbar.php(66): Illuminate\\Pipeline\\Pipeline->Illuminate\\Pipeline\\{closure}(Object(Illuminate\\Http\\Request))
#13 C:\\D\\xampp\\htdocs\\TTTD_KTPM_Clone2\\vendor\\laravel\\framework\\src\\Illuminate\\Pipeline\\Pipeline.php(209): Barryvdh\\Debugbar\\Middleware\\InjectDebugbar->handle(Object(Illuminate\\Http\\Request), Object(Closure))
#14 C:\\D\\xampp\\htdocs\\TTTD_KTPM_Clone2\\vendor\\laravel\\framework\\src\\Illuminate\\Routing\\Middleware\\SubstituteBindings.php(51): Illuminate\\Pipeline\\Pipeline->Illuminate\\Pipeline\\{closure}(Object(Illuminate\\Http\\Request))
#15 C:\\D\\xampp\\htdocs\\TTTD_KTPM_Clone2\\vendor\\laravel\\framework\\src\\Illuminate\\Pipeline\\Pipeline.php(209): Illuminate\\Routing\\Middleware\\SubstituteBindings->handle(Object(Illuminate\\Http\\Request), Object(Closure))
#16 C:\\D\\xampp\\htdocs\\TTTD_KTPM_Clone2\\vendor\\laravel\\framework\\src\\Illuminate\\Foundation\\Http\\Middleware\\VerifyCsrfToken.php(88): Illuminate\\Pipeline\\Pipeline->Illuminate\\Pipeline\\{closure}(Object(Illuminate\\Http\\Request))
#17 C:\\D\\xampp\\htdocs\\TTTD_KTPM_Clone2\\vendor\\laravel\\framework\\src\\Illuminate\\Pipeline\\Pipeline.php(209): Illuminate\\Foundation\\Http\\Middleware\\VerifyCsrfToken->handle(Object(Illuminate\\Http\\Request), Object(Closure))
#18 C:\\D\\xampp\\htdocs\\TTTD_KTPM_Clone2\\vendor\\laravel\\framework\\src\\Illuminate\\View\\Middleware\\ShareErrorsFromSession.php(49): Illuminate\\Pipeline\\Pipeline->Illuminate\\Pipeline\\{closure}(Object(Illuminate\\Http\\Request))
#19 C:\\D\\xampp\\htdocs\\TTTD_KTPM_Clone2\\vendor\\laravel\\framework\\src\\Illuminate\\Pipeline\\Pipeline.php(209): Illuminate\\View\\Middleware\\ShareErrorsFromSession->handle(Object(Illuminate\\Http\\Request), Object(Closure))
#20 C:\\D\\xampp\\htdocs\\TTTD_KTPM_Clone2\\vendor\\laravel\\framework\\src\\Illuminate\\Session\\Middleware\\StartSession.php(121): Illuminate\\Pipeline\\Pipeline->Illuminate\\Pipeline\\{closure}(Object(Illuminate\\Http\\Request))
#21 C:\\D\\xampp\\htdocs\\TTTD_KTPM_Clone2\\vendor\\laravel\\framework\\src\\Illuminate\\Session\\Middleware\\StartSession.php(64): Illuminate\\Session\\Middleware\\StartSession->handleStatefulRequest(Object(Illuminate\\Http\\Request), Object(Illuminate\\Session\\Store), Object(Closure))
#22 C:\\D\\xampp\\htdocs\\TTTD_KTPM_Clone2\\vendor\\laravel\\framework\\src\\Illuminate\\Pipeline\\Pipeline.php(209): Illuminate\\Session\\Middleware\\StartSession->handle(Object(Illuminate\\Http\\Request), Object(Closure))
#23 C:\\D\\xampp\\htdocs\\TTTD_KTPM_Clone2\\vendor\\laravel\\framework\\src\\Illuminate\\Cookie\\Middleware\\AddQueuedCookiesToResponse.php(37): Illuminate\\Pipeline\\Pipeline->Illuminate\\Pipeline\\{closure}(Object(Illuminate\\Http\\Request))
#24 C:\\D\\xampp\\htdocs\\TTTD_KTPM_Clone2\\vendor\\laravel\\framework\\src\\Illuminate\\Pipeline\\Pipeline.php(209): Illuminate\\Cookie\\Middleware\\AddQueuedCookiesToResponse->handle(Object(Illuminate\\Http\\Request), Object(Closure))
#25 C:\\D\\xampp\\htdocs\\TTTD_KTPM_Clone2\\vendor\\laravel\\framework\\src\\Illuminate\\Cookie\\Middleware\\EncryptCookies.php(75): Illuminate\\Pipeline\\Pipeline->Illuminate\\Pipeline\\{closure}(Object(Illuminate\\Http\\Request))
#26 C:\\D\\xampp\\htdocs\\TTTD_KTPM_Clone2\\vendor\\laravel\\framework\\src\\Illuminate\\Pipeline\\Pipeline.php(209): Illuminate\\Cookie\\Middleware\\EncryptCookies->handle(Object(Illuminate\\Http\\Request), Object(Closure))
#27 C:\\D\\xampp\\htdocs\\TTTD_KTPM_Clone2\\vendor\\laravel\\framework\\src\\Illuminate\\Pipeline\\Pipeline.php(127): Illuminate\\Pipeline\\Pipeline->Illuminate\\Pipeline\\{closure}(Object(Illuminate\\Http\\Request))
#28 C:\\D\\xampp\\htdocs\\TTTD_KTPM_Clone2\\vendor\\laravel\\framework\\src\\Illuminate\\Routing\\Router.php(807): Illuminate\\Pipeline\\Pipeline->then(Object(Closure))
#29 C:\\D\\xampp\\htdocs\\TTTD_KTPM_Clone2\\vendor\\laravel\\framework\\src\\Illuminate\\Routing\\Router.php(786): Illuminate\\Routing\\Router->runRouteWithinStack(Object(Illuminate\\Routing\\Route), Object(Illuminate\\Http\\Request))
#30 C:\\D\\xampp\\htdocs\\TTTD_KTPM_Clone2\\vendor\\laravel\\framework\\src\\Illuminate\\Routing\\Router.php(750): Illuminate\\Routing\\Router->runRoute(Object(Illuminate\\Http\\Request), Object(Illuminate\\Routing\\Route))
#31 C:\\D\\xampp\\htdocs\\TTTD_KTPM_Clone2\\vendor\\laravel\\framework\\src\\Illuminate\\Routing\\Router.php(739): Illuminate\\Routing\\Router->dispatchToRoute(Object(Illuminate\\Http\\Request))
#32 C:\\D\\xampp\\htdocs\\TTTD_KTPM_Clone2\\vendor\\laravel\\framework\\src\\Illuminate\\Foundation\\Http\\Kernel.php(201): Illuminate\\Routing\\Router->dispatch(Object(Illuminate\\Http\\Request))
#33 C:\\D\\xampp\\htdocs\\TTTD_KTPM_Clone2\\vendor\\laravel\\framework\\src\\Illuminate\\Pipeline\\Pipeline.php(170): Illuminate\\Foundation\\Http\\Kernel->Illuminate\\Foundation\\Http\\{closure}(Object(Illuminate\\Http\\Request))
#34 C:\\D\\xampp\\htdocs\\TTTD_KTPM_Clone2\\vendor\\barryvdh\\laravel-debugbar\\src\\Middleware\\InjectDebugbar.php(66): Illuminate\\Pipeline\\Pipeline->Illuminate\\Pipeline\\{closure}(Object(Illuminate\\Http\\Request))
#35 C:\\D\\xampp\\htdocs\\TTTD_KTPM_Clone2\\vendor\\laravel\\framework\\src\\Illuminate\\Pipeline\\Pipeline.php(209): Barryvdh\\Debugbar\\Middleware\\InjectDebugbar->handle(Object(Illuminate\\Http\\Request), Object(Closure))
#36 C:\\D\\xampp\\htdocs\\TTTD_KTPM_Clone2\\packages\\Webkul\\Installer\\src\\Http\\Middleware\\CanInstall.php(30): Illuminate\\Pipeline\\Pipeline->Illuminate\\Pipeline\\{closure}(Object(Illuminate\\Http\\Request))
#37 C:\\D\\xampp\\htdocs\\TTTD_KTPM_Clone2\\vendor\\laravel\\framework\\src\\Illuminate\\Pipeline\\Pipeline.php(209): Webkul\\Installer\\Http\\Middleware\\CanInstall->handle(Object(Illuminate\\Http\\Request), Object(Closure))
#38 C:\\D\\xampp\\htdocs\\TTTD_KTPM_Clone2\\packages\\Webkul\\Core\\src\\Http\\Middleware\\SecureHeaders.php(29): Illuminate\\Pipeline\\Pipeline->Illuminate\\Pipeline\\{closure}(Object(Illuminate\\Http\\Request))
#39 C:\\D\\xampp\\htdocs\\TTTD_KTPM_Clone2\\vendor\\laravel\\framework\\src\\Illuminate\\Pipeline\\Pipeline.php(209): Webkul\\Core\\Http\\Middleware\\SecureHeaders->handle(Object(Illuminate\\Http\\Request), Object(Closure))
#40 C:\\D\\xampp\\htdocs\\TTTD_KTPM_Clone2\\vendor\\laravel\\framework\\src\\Illuminate\\Foundation\\Http\\Middleware\\TransformsRequest.php(21): Illuminate\\Pipeline\\Pipeline->Illuminate\\Pipeline\\{closure}(Object(Illuminate\\Http\\Request))
#41 C:\\D\\xampp\\htdocs\\TTTD_KTPM_Clone2\\vendor\\laravel\\framework\\src\\Illuminate\\Foundation\\Http\\Middleware\\TrimStrings.php(51): Illuminate\\Foundation\\Http\\Middleware\\TransformsRequest->handle(Object(Illuminate\\Http\\Request), Object(Closure))
#42 C:\\D\\xampp\\htdocs\\TTTD_KTPM_Clone2\\vendor\\laravel\\framework\\src\\Illuminate\\Pipeline\\Pipeline.php(209): Illuminate\\Foundation\\Http\\Middleware\\TrimStrings->handle(Object(Illuminate\\Http\\Request), Object(Closure))
#43 C:\\D\\xampp\\htdocs\\TTTD_KTPM_Clone2\\vendor\\laravel\\framework\\src\\Illuminate\\Http\\Middleware\\ValidatePostSize.php(27): Illuminate\\Pipeline\\Pipeline->Illuminate\\Pipeline\\{closure}(Object(Illuminate\\Http\\Request))
#44 C:\\D\\xampp\\htdocs\\TTTD_KTPM_Clone2\\vendor\\laravel\\framework\\src\\Illuminate\\Pipeline\\Pipeline.php(209): Illuminate\\Http\\Middleware\\ValidatePostSize->handle(Object(Illuminate\\Http\\Request), Object(Closure))
#45 C:\\D\\xampp\\htdocs\\TTTD_KTPM_Clone2\\vendor\\laravel\\framework\\src\\Illuminate\\Http\\Middleware\\HandleCors.php(49): Illuminate\\Pipeline\\Pipeline->Illuminate\\Pipeline\\{closure}(Object(Illuminate\\Http\\Request))
#46 C:\\D\\xampp\\htdocs\\TTTD_KTPM_Clone2\\vendor\\laravel\\framework\\src\\Illuminate\\Pipeline\\Pipeline.php(209): Illuminate\\Http\\Middleware\\HandleCors->handle(Object(Illuminate\\Http\\Request), Object(Closure))
#47 C:\\D\\xampp\\htdocs\\TTTD_KTPM_Clone2\\vendor\\laravel\\framework\\src\\Illuminate\\Http\\Middleware\\TrustProxies.php(58): Illuminate\\Pipeline\\Pipeline->Illuminate\\Pipeline\\{closure}(Object(Illuminate\\Http\\Request))
#48 C:\\D\\xampp\\htdocs\\TTTD_KTPM_Clone2\\vendor\\laravel\\framework\\src\\Illuminate\\Pipeline\\Pipeline.php(209): Illuminate\\Http\\Middleware\\TrustProxies->handle(Object(Illuminate\\Http\\Request), Object(Closure))
#49 C:\\D\\xampp\\htdocs\\TTTD_KTPM_Clone2\\vendor\\laravel\\framework\\src\\Illuminate\\Foundation\\Http\\Middleware\\InvokeDeferredCallbacks.php(22): Illuminate\\Pipeline\\Pipeline->Illuminate\\Pipeline\\{closure}(Object(Illuminate\\Http\\Request))
#50 C:\\D\\xampp\\htdocs\\TTTD_KTPM_Clone2\\vendor\\laravel\\framework\\src\\Illuminate\\Pipeline\\Pipeline.php(209): Illuminate\\Foundation\\Http\\Middleware\\InvokeDeferredCallbacks->handle(Object(Illuminate\\Http\\Request), Object(Closure))
#51 C:\\D\\xampp\\htdocs\\TTTD_KTPM_Clone2\\vendor\\laravel\\framework\\src\\Illuminate\\Pipeline\\Pipeline.php(127): Illuminate\\Pipeline\\Pipeline->Illuminate\\Pipeline\\{closure}(Object(Illuminate\\Http\\Request))
#52 C:\\D\\xampp\\htdocs\\TTTD_KTPM_Clone2\\vendor\\laravel\\framework\\src\\Illuminate\\Foundation\\Http\\Kernel.php(176): Illuminate\\Pipeline\\Pipeline->then(Object(Closure))
#53 C:\\D\\xampp\\htdocs\\TTTD_KTPM_Clone2\\vendor\\laravel\\framework\\src\\Illuminate\\Foundation\\Http\\Kernel.php(145): Illuminate\\Foundation\\Http\\Kernel->sendRequestThroughRouter(Object(Illuminate\\Http\\Request))
#54 C:\\D\\xampp\\htdocs\\TTTD_KTPM_Clone2\\public\\index.php(51): Illuminate\\Foundation\\Http\\Kernel->handle(Object(Illuminate\\Http\\Request))
#55 C:\\D\\xampp\\htdocs\\TTTD_KTPM_Clone2\\vendor\\laravel\\framework\\src\\Illuminate\\Foundation\\resources\\server.php(23): require_once('C:\\\\D\\\\xampp\\\\htdo...')
#56 {main}
"} 
[2025-12-09 22:28:48] local.ERROR: Call to undefined method Webkul\Admin\Helpers\Dashboard::getDateRange() {"exception":"[object] (Error(code: 0): Call to undefined method Webkul\\Admin\\Helpers\\Dashboard::getDateRange() at C:\\D\\xampp\\htdocs\\TTTD_KTPM_Clone2\\packages\\Webkul\\Admin\\src\\Http\\Controllers\\DashboardController.php:55)
[stacktrace]
#0 C:\\D\\xampp\\htdocs\\TTTD_KTPM_Clone2\\vendor\\laravel\\framework\\src\\Illuminate\\Routing\\Controller.php(54): Webkul\\Admin\\Http\\Controllers\\DashboardController->stats()
#1 C:\\D\\xampp\\htdocs\\TTTD_KTPM_Clone2\\vendor\\laravel\\framework\\src\\Illuminate\\Routing\\ControllerDispatcher.php(44): Illuminate\\Routing\\Controller->callAction('stats', Array)
#2 C:\\D\\xampp\\htdocs\\TTTD_KTPM_Clone2\\vendor\\laravel\\framework\\src\\Illuminate\\Routing\\Route.php(266): Illuminate\\Routing\\ControllerDispatcher->dispatch(Object(Illuminate\\Routing\\Route), Object(Webkul\\Admin\\Http\\Controllers\\DashboardController), 'stats')
#3 C:\\D\\xampp\\htdocs\\TTTD_KTPM_Clone2\\vendor\\laravel\\framework\\src\\Illuminate\\Routing\\Route.php(212): Illuminate\\Routing\\Route->runController()
#4 C:\\D\\xampp\\htdocs\\TTTD_KTPM_Clone2\\vendor\\laravel\\framework\\src\\Illuminate\\Routing\\Router.php(808): Illuminate\\Routing\\Route->run()
#5 C:\\D\\xampp\\htdocs\\TTTD_KTPM_Clone2\\vendor\\laravel\\framework\\src\\Illuminate\\Pipeline\\Pipeline.php(170): Illuminate\\Routing\\Router->Illuminate\\Routing\\{closure}(Object(Illuminate\\Http\\Request))
#6 C:\\D\\xampp\\htdocs\\TTTD_KTPM_Clone2\\packages\\Webkul\\Core\\src\\Http\\Middleware\\NoCacheMiddleware.php(17): Illuminate\\Pipeline\\Pipeline->Illuminate\\Pipeline\\{closure}(Object(Illuminate\\Http\\Request))
#7 C:\\D\\xampp\\htdocs\\TTTD_KTPM_Clone2\\vendor\\laravel\\framework\\src\\Illuminate\\Pipeline\\Pipeline.php(209): Webkul\\Core\\Http\\Middleware\\NoCacheMiddleware->handle(Object(Illuminate\\Http\\Request), Object(Closure))
#8 C:\\D\\xampp\\htdocs\\TTTD_KTPM_Clone2\\packages\\Webkul\\User\\src\\Http\\Middleware\\Bouncer.php(44): Illuminate\\Pipeline\\Pipeline->Illuminate\\Pipeline\\{closure}(Object(Illuminate\\Http\\Request))
#9 C:\\D\\xampp\\htdocs\\TTTD_KTPM_Clone2\\vendor\\laravel\\framework\\src\\Illuminate\\Pipeline\\Pipeline.php(209): Webkul\\User\\Http\\Middleware\\Bouncer->handle(Object(Illuminate\\Http\\Request), Object(Closure))
#10 C:\\D\\xampp\\htdocs\\TTTD_KTPM_Clone2\\packages\\Webkul\\Core\\src\\Http\\Middleware\\PreventRequestsDuringMaintenance.php(109): Illuminate\\Pipeline\\Pipeline->Illuminate\\Pipeline\\{closure}(Object(Illuminate\\Http\\Request))
#11 C:\\D\\xampp\\htdocs\\TTTD_KTPM_Clone2\\vendor\\laravel\\framework\\src\\Illuminate\\Pipeline\\Pipeline.php(209): Webkul\\Core\\Http\\Middleware\\PreventRequestsDuringMaintenance->handle(Object(Illuminate\\Http\\Request), Object(Closure))
#12 C:\\D\\xampp\\htdocs\\TTTD_KTPM_Clone2\\vendor\\barryvdh\\laravel-debugbar\\src\\Middleware\\InjectDebugbar.php(66): Illuminate\\Pipeline\\Pipeline->Illuminate\\Pipeline\\{closure}(Object(Illuminate\\Http\\Request))
#13 C:\\D\\xampp\\htdocs\\TTTD_KTPM_Clone2\\vendor\\laravel\\framework\\src\\Illuminate\\Pipeline\\Pipeline.php(209): Barryvdh\\Debugbar\\Middleware\\InjectDebugbar->handle(Object(Illuminate\\Http\\Request), Object(Closure))
#14 C:\\D\\xampp\\htdocs\\TTTD_KTPM_Clone2\\vendor\\laravel\\framework\\src\\Illuminate\\Routing\\Middleware\\SubstituteBindings.php(51): Illuminate\\Pipeline\\Pipeline->Illuminate\\Pipeline\\{closure}(Object(Illuminate\\Http\\Request))
#15 C:\\D\\xampp\\htdocs\\TTTD_KTPM_Clone2\\vendor\\laravel\\framework\\src\\Illuminate\\Pipeline\\Pipeline.php(209): Illuminate\\Routing\\Middleware\\SubstituteBindings->handle(Object(Illuminate\\Http\\Request), Object(Closure))
#16 C:\\D\\xampp\\htdocs\\TTTD_KTPM_Clone2\\vendor\\laravel\\framework\\src\\Illuminate\\Foundation\\Http\\Middleware\\VerifyCsrfToken.php(88): Illuminate\\Pipeline\\Pipeline->Illuminate\\Pipeline\\{closure}(Object(Illuminate\\Http\\Request))
#17 C:\\D\\xampp\\htdocs\\TTTD_KTPM_Clone2\\vendor\\laravel\\framework\\src\\Illuminate\\Pipeline\\Pipeline.php(209): Illuminate\\Foundation\\Http\\Middleware\\VerifyCsrfToken->handle(Object(Illuminate\\Http\\Request), Object(Closure))
#18 C:\\D\\xampp\\htdocs\\TTTD_KTPM_Clone2\\vendor\\laravel\\framework\\src\\Illuminate\\View\\Middleware\\ShareErrorsFromSession.php(49): Illuminate\\Pipeline\\Pipeline->Illuminate\\Pipeline\\{closure}(Object(Illuminate\\Http\\Request))
#19 C:\\D\\xampp\\htdocs\\TTTD_KTPM_Clone2\\vendor\\laravel\\framework\\src\\Illuminate\\Pipeline\\Pipeline.php(209): Illuminate\\View\\Middleware\\ShareErrorsFromSession->handle(Object(Illuminate\\Http\\Request), Object(Closure))
#20 C:\\D\\xampp\\htdocs\\TTTD_KTPM_Clone2\\vendor\\laravel\\framework\\src\\Illuminate\\Session\\Middleware\\StartSession.php(121): Illuminate\\Pipeline\\Pipeline->Illuminate\\Pipeline\\{closure}(Object(Illuminate\\Http\\Request))
#21 C:\\D\\xampp\\htdocs\\TTTD_KTPM_Clone2\\vendor\\laravel\\framework\\src\\Illuminate\\Session\\Middleware\\StartSession.php(64): Illuminate\\Session\\Middleware\\StartSession->handleStatefulRequest(Object(Illuminate\\Http\\Request), Object(Illuminate\\Session\\Store), Object(Closure))
#22 C:\\D\\xampp\\htdocs\\TTTD_KTPM_Clone2\\vendor\\laravel\\framework\\src\\Illuminate\\Pipeline\\Pipeline.php(209): Illuminate\\Session\\Middleware\\StartSession->handle(Object(Illuminate\\Http\\Request), Object(Closure))
#23 C:\\D\\xampp\\htdocs\\TTTD_KTPM_Clone2\\vendor\\laravel\\framework\\src\\Illuminate\\Cookie\\Middleware\\AddQueuedCookiesToResponse.php(37): Illuminate\\Pipeline\\Pipeline->Illuminate\\Pipeline\\{closure}(Object(Illuminate\\Http\\Request))
#24 C:\\D\\xampp\\htdocs\\TTTD_KTPM_Clone2\\vendor\\laravel\\framework\\src\\Illuminate\\Pipeline\\Pipeline.php(209): Illuminate\\Cookie\\Middleware\\AddQueuedCookiesToResponse->handle(Object(Illuminate\\Http\\Request), Object(Closure))
#25 C:\\D\\xampp\\htdocs\\TTTD_KTPM_Clone2\\vendor\\laravel\\framework\\src\\Illuminate\\Cookie\\Middleware\\EncryptCookies.php(75): Illuminate\\Pipeline\\Pipeline->Illuminate\\Pipeline\\{closure}(Object(Illuminate\\Http\\Request))
#26 C:\\D\\xampp\\htdocs\\TTTD_KTPM_Clone2\\vendor\\laravel\\framework\\src\\Illuminate\\Pipeline\\Pipeline.php(209): Illuminate\\Cookie\\Middleware\\EncryptCookies->handle(Object(Illuminate\\Http\\Request), Object(Closure))
#27 C:\\D\\xampp\\htdocs\\TTTD_KTPM_Clone2\\vendor\\laravel\\framework\\src\\Illuminate\\Pipeline\\Pipeline.php(127): Illuminate\\Pipeline\\Pipeline->Illuminate\\Pipeline\\{closure}(Object(Illuminate\\Http\\Request))
#28 C:\\D\\xampp\\htdocs\\TTTD_KTPM_Clone2\\vendor\\laravel\\framework\\src\\Illuminate\\Routing\\Router.php(807): Illuminate\\Pipeline\\Pipeline->then(Object(Closure))
#29 C:\\D\\xampp\\htdocs\\TTTD_KTPM_Clone2\\vendor\\laravel\\framework\\src\\Illuminate\\Routing\\Router.php(786): Illuminate\\Routing\\Router->runRouteWithinStack(Object(Illuminate\\Routing\\Route), Object(Illuminate\\Http\\Request))
#30 C:\\D\\xampp\\htdocs\\TTTD_KTPM_Clone2\\vendor\\laravel\\framework\\src\\Illuminate\\Routing\\Router.php(750): Illuminate\\Routing\\Router->runRoute(Object(Illuminate\\Http\\Request), Object(Illuminate\\Routing\\Route))
#31 C:\\D\\xampp\\htdocs\\TTTD_KTPM_Clone2\\vendor\\laravel\\framework\\src\\Illuminate\\Routing\\Router.php(739): Illuminate\\Routing\\Router->dispatchToRoute(Object(Illuminate\\Http\\Request))
#32 C:\\D\\xampp\\htdocs\\TTTD_KTPM_Clone2\\vendor\\laravel\\framework\\src\\Illuminate\\Foundation\\Http\\Kernel.php(201): Illuminate\\Routing\\Router->dispatch(Object(Illuminate\\Http\\Request))
#33 C:\\D\\xampp\\htdocs\\TTTD_KTPM_Clone2\\vendor\\laravel\\framework\\src\\Illuminate\\Pipeline\\Pipeline.php(170): Illuminate\\Foundation\\Http\\Kernel->Illuminate\\Foundation\\Http\\{closure}(Object(Illuminate\\Http\\Request))
#34 C:\\D\\xampp\\htdocs\\TTTD_KTPM_Clone2\\vendor\\barryvdh\\laravel-debugbar\\src\\Middleware\\InjectDebugbar.php(66): Illuminate\\Pipeline\\Pipeline->Illuminate\\Pipeline\\{closure}(Object(Illuminate\\Http\\Request))
#35 C:\\D\\xampp\\htdocs\\TTTD_KTPM_Clone2\\vendor\\laravel\\framework\\src\\Illuminate\\Pipeline\\Pipeline.php(209): Barryvdh\\Debugbar\\Middleware\\InjectDebugbar->handle(Object(Illuminate\\Http\\Request), Object(Closure))
#36 C:\\D\\xampp\\htdocs\\TTTD_KTPM_Clone2\\packages\\Webkul\\Installer\\src\\Http\\Middleware\\CanInstall.php(30): Illuminate\\Pipeline\\Pipeline->Illuminate\\Pipeline\\{closure}(Object(Illuminate\\Http\\Request))
#37 C:\\D\\xampp\\htdocs\\TTTD_KTPM_Clone2\\vendor\\laravel\\framework\\src\\Illuminate\\Pipeline\\Pipeline.php(209): Webkul\\Installer\\Http\\Middleware\\CanInstall->handle(Object(Illuminate\\Http\\Request), Object(Closure))
#38 C:\\D\\xampp\\htdocs\\TTTD_KTPM_Clone2\\packages\\Webkul\\Core\\src\\Http\\Middleware\\SecureHeaders.php(29): Illuminate\\Pipeline\\Pipeline->Illuminate\\Pipeline\\{closure}(Object(Illuminate\\Http\\Request))
#39 C:\\D\\xampp\\htdocs\\TTTD_KTPM_Clone2\\vendor\\laravel\\framework\\src\\Illuminate\\Pipeline\\Pipeline.php(209): Webkul\\Core\\Http\\Middleware\\SecureHeaders->handle(Object(Illuminate\\Http\\Request), Object(Closure))
#40 C:\\D\\xampp\\htdocs\\TTTD_KTPM_Clone2\\vendor\\laravel\\framework\\src\\Illuminate\\Foundation\\Http\\Middleware\\TransformsRequest.php(21): Illuminate\\Pipeline\\Pipeline->Illuminate\\Pipeline\\{closure}(Object(Illuminate\\Http\\Request))
#41 C:\\D\\xampp\\htdocs\\TTTD_KTPM_Clone2\\vendor\\laravel\\framework\\src\\Illuminate\\Foundation\\Http\\Middleware\\TrimStrings.php(51): Illuminate\\Foundation\\Http\\Middleware\\TransformsRequest->handle(Object(Illuminate\\Http\\Request), Object(Closure))
#42 C:\\D\\xampp\\htdocs\\TTTD_KTPM_Clone2\\vendor\\laravel\\framework\\src\\Illuminate\\Pipeline\\Pipeline.php(209): Illuminate\\Foundation\\Http\\Middleware\\TrimStrings->handle(Object(Illuminate\\Http\\Request), Object(Closure))
#43 C:\\D\\xampp\\htdocs\\TTTD_KTPM_Clone2\\vendor\\laravel\\framework\\src\\Illuminate\\Http\\Middleware\\ValidatePostSize.php(27): Illuminate\\Pipeline\\Pipeline->Illuminate\\Pipeline\\{closure}(Object(Illuminate\\Http\\Request))
#44 C:\\D\\xampp\\htdocs\\TTTD_KTPM_Clone2\\vendor\\laravel\\framework\\src\\Illuminate\\Pipeline\\Pipeline.php(209): Illuminate\\Http\\Middleware\\ValidatePostSize->handle(Object(Illuminate\\Http\\Request), Object(Closure))
#45 C:\\D\\xampp\\htdocs\\TTTD_KTPM_Clone2\\vendor\\laravel\\framework\\src\\Illuminate\\Http\\Middleware\\HandleCors.php(49): Illuminate\\Pipeline\\Pipeline->Illuminate\\Pipeline\\{closure}(Object(Illuminate\\Http\\Request))
#46 C:\\D\\xampp\\htdocs\\TTTD_KTPM_Clone2\\vendor\\laravel\\framework\\src\\Illuminate\\Pipeline\\Pipeline.php(209): Illuminate\\Http\\Middleware\\HandleCors->handle(Object(Illuminate\\Http\\Request), Object(Closure))
#47 C:\\D\\xampp\\htdocs\\TTTD_KTPM_Clone2\\vendor\\laravel\\framework\\src\\Illuminate\\Http\\Middleware\\TrustProxies.php(58): Illuminate\\Pipeline\\Pipeline->Illuminate\\Pipeline\\{closure}(Object(Illuminate\\Http\\Request))
#48 C:\\D\\xampp\\htdocs\\TTTD_KTPM_Clone2\\vendor\\laravel\\framework\\src\\Illuminate\\Pipeline\\Pipeline.php(209): Illuminate\\Http\\Middleware\\TrustProxies->handle(Object(Illuminate\\Http\\Request), Object(Closure))
#49 C:\\D\\xampp\\htdocs\\TTTD_KTPM_Clone2\\vendor\\laravel\\framework\\src\\Illuminate\\Foundation\\Http\\Middleware\\InvokeDeferredCallbacks.php(22): Illuminate\\Pipeline\\Pipeline->Illuminate\\Pipeline\\{closure}(Object(Illuminate\\Http\\Request))
#50 C:\\D\\xampp\\htdocs\\TTTD_KTPM_Clone2\\vendor\\laravel\\framework\\src\\Illuminate\\Pipeline\\Pipeline.php(209): Illuminate\\Foundation\\Http\\Middleware\\InvokeDeferredCallbacks->handle(Object(Illuminate\\Http\\Request), Object(Closure))
#51 C:\\D\\xampp\\htdocs\\TTTD_KTPM_Clone2\\vendor\\laravel\\framework\\src\\Illuminate\\Pipeline\\Pipeline.php(127): Illuminate\\Pipeline\\Pipeline->Illuminate\\Pipeline\\{closure}(Object(Illuminate\\Http\\Request))
#52 C:\\D\\xampp\\htdocs\\TTTD_KTPM_Clone2\\vendor\\laravel\\framework\\src\\Illuminate\\Foundation\\Http\\Kernel.php(176): Illuminate\\Pipeline\\Pipeline->then(Object(Closure))
#53 C:\\D\\xampp\\htdocs\\TTTD_KTPM_Clone2\\vendor\\laravel\\framework\\src\\Illuminate\\Foundation\\Http\\Kernel.php(145): Illuminate\\Foundation\\Http\\Kernel->sendRequestThroughRouter(Object(Illuminate\\Http\\Request))
#54 C:\\D\\xampp\\htdocs\\TTTD_KTPM_Clone2\\public\\index.php(51): Illuminate\\Foundation\\Http\\Kernel->handle(Object(Illuminate\\Http\\Request))
#55 C:\\D\\xampp\\htdocs\\TTTD_KTPM_Clone2\\vendor\\laravel\\framework\\src\\Illuminate\\Foundation\\resources\\server.php(23): require_once('C:\\\\D\\\\xampp\\\\htdo...')
#56 {main}
"} 
[2025-12-09 22:28:49] local.ERROR: Call to undefined method Webkul\Admin\Helpers\Dashboard::getDateRange() {"exception":"[object] (Error(code: 0): Call to undefined method Webkul\\Admin\\Helpers\\Dashboard::getDateRange() at C:\\D\\xampp\\htdocs\\TTTD_KTPM_Clone2\\packages\\Webkul\\Admin\\src\\Http\\Controllers\\DashboardController.php:55)
[stacktrace]
#0 C:\\D\\xampp\\htdocs\\TTTD_KTPM_Clone2\\vendor\\laravel\\framework\\src\\Illuminate\\Routing\\Controller.php(54): Webkul\\Admin\\Http\\Controllers\\DashboardController->stats()
#1 C:\\D\\xampp\\htdocs\\TTTD_KTPM_Clone2\\vendor\\laravel\\framework\\src\\Illuminate\\Routing\\ControllerDispatcher.php(44): Illuminate\\Routing\\Controller->callAction('stats', Array)
#2 C:\\D\\xampp\\htdocs\\TTTD_KTPM_Clone2\\vendor\\laravel\\framework\\src\\Illuminate\\Routing\\Route.php(266): Illuminate\\Routing\\ControllerDispatcher->dispatch(Object(Illuminate\\Routing\\Route), Object(Webkul\\Admin\\Http\\Controllers\\DashboardController), 'stats')
#3 C:\\D\\xampp\\htdocs\\TTTD_KTPM_Clone2\\vendor\\laravel\\framework\\src\\Illuminate\\Routing\\Route.php(212): Illuminate\\Routing\\Route->runController()
#4 C:\\D\\xampp\\htdocs\\TTTD_KTPM_Clone2\\vendor\\laravel\\framework\\src\\Illuminate\\Routing\\Router.php(808): Illuminate\\Routing\\Route->run()
#5 C:\\D\\xampp\\htdocs\\TTTD_KTPM_Clone2\\vendor\\laravel\\framework\\src\\Illuminate\\Pipeline\\Pipeline.php(170): Illuminate\\Routing\\Router->Illuminate\\Routing\\{closure}(Object(Illuminate\\Http\\Request))
#6 C:\\D\\xampp\\htdocs\\TTTD_KTPM_Clone2\\packages\\Webkul\\Core\\src\\Http\\Middleware\\NoCacheMiddleware.php(17): Illuminate\\Pipeline\\Pipeline->Illuminate\\Pipeline\\{closure}(Object(Illuminate\\Http\\Request))
#7 C:\\D\\xampp\\htdocs\\TTTD_KTPM_Clone2\\vendor\\laravel\\framework\\src\\Illuminate\\Pipeline\\Pipeline.php(209): Webkul\\Core\\Http\\Middleware\\NoCacheMiddleware->handle(Object(Illuminate\\Http\\Request), Object(Closure))
#8 C:\\D\\xampp\\htdocs\\TTTD_KTPM_Clone2\\packages\\Webkul\\User\\src\\Http\\Middleware\\Bouncer.php(44): Illuminate\\Pipeline\\Pipeline->Illuminate\\Pipeline\\{closure}(Object(Illuminate\\Http\\Request))
#9 C:\\D\\xampp\\htdocs\\TTTD_KTPM_Clone2\\vendor\\laravel\\framework\\src\\Illuminate\\Pipeline\\Pipeline.php(209): Webkul\\User\\Http\\Middleware\\Bouncer->handle(Object(Illuminate\\Http\\Request), Object(Closure))
#10 C:\\D\\xampp\\htdocs\\TTTD_KTPM_Clone2\\packages\\Webkul\\Core\\src\\Http\\Middleware\\PreventRequestsDuringMaintenance.php(109): Illuminate\\Pipeline\\Pipeline->Illuminate\\Pipeline\\{closure}(Object(Illuminate\\Http\\Request))
#11 C:\\D\\xampp\\htdocs\\TTTD_KTPM_Clone2\\vendor\\laravel\\framework\\src\\Illuminate\\Pipeline\\Pipeline.php(209): Webkul\\Core\\Http\\Middleware\\PreventRequestsDuringMaintenance->handle(Object(Illuminate\\Http\\Request), Object(Closure))
#12 C:\\D\\xampp\\htdocs\\TTTD_KTPM_Clone2\\vendor\\barryvdh\\laravel-debugbar\\src\\Middleware\\InjectDebugbar.php(66): Illuminate\\Pipeline\\Pipeline->Illuminate\\Pipeline\\{closure}(Object(Illuminate\\Http\\Request))
#13 C:\\D\\xampp\\htdocs\\TTTD_KTPM_Clone2\\vendor\\laravel\\framework\\src\\Illuminate\\Pipeline\\Pipeline.php(209): Barryvdh\\Debugbar\\Middleware\\InjectDebugbar->handle(Object(Illuminate\\Http\\Request), Object(Closure))
#14 C:\\D\\xampp\\htdocs\\TTTD_KTPM_Clone2\\vendor\\laravel\\framework\\src\\Illuminate\\Routing\\Middleware\\SubstituteBindings.php(51): Illuminate\\Pipeline\\Pipeline->Illuminate\\Pipeline\\{closure}(Object(Illuminate\\Http\\Request))
#15 C:\\D\\xampp\\htdocs\\TTTD_KTPM_Clone2\\vendor\\laravel\\framework\\src\\Illuminate\\Pipeline\\Pipeline.php(209): Illuminate\\Routing\\Middleware\\SubstituteBindings->handle(Object(Illuminate\\Http\\Request), Object(Closure))
#16 C:\\D\\xampp\\htdocs\\TTTD_KTPM_Clone2\\vendor\\laravel\\framework\\src\\Illuminate\\Foundation\\Http\\Middleware\\VerifyCsrfToken.php(88): Illuminate\\Pipeline\\Pipeline->Illuminate\\Pipeline\\{closure}(Object(Illuminate\\Http\\Request))
#17 C:\\D\\xampp\\htdocs\\TTTD_KTPM_Clone2\\vendor\\laravel\\framework\\src\\Illuminate\\Pipeline\\Pipeline.php(209): Illuminate\\Foundation\\Http\\Middleware\\VerifyCsrfToken->handle(Object(Illuminate\\Http\\Request), Object(Closure))
#18 C:\\D\\xampp\\htdocs\\TTTD_KTPM_Clone2\\vendor\\laravel\\framework\\src\\Illuminate\\View\\Middleware\\ShareErrorsFromSession.php(49): Illuminate\\Pipeline\\Pipeline->Illuminate\\Pipeline\\{closure}(Object(Illuminate\\Http\\Request))
#19 C:\\D\\xampp\\htdocs\\TTTD_KTPM_Clone2\\vendor\\laravel\\framework\\src\\Illuminate\\Pipeline\\Pipeline.php(209): Illuminate\\View\\Middleware\\ShareErrorsFromSession->handle(Object(Illuminate\\Http\\Request), Object(Closure))
#20 C:\\D\\xampp\\htdocs\\TTTD_KTPM_Clone2\\vendor\\laravel\\framework\\src\\Illuminate\\Session\\Middleware\\StartSession.php(121): Illuminate\\Pipeline\\Pipeline->Illuminate\\Pipeline\\{closure}(Object(Illuminate\\Http\\Request))
#21 C:\\D\\xampp\\htdocs\\TTTD_KTPM_Clone2\\vendor\\laravel\\framework\\src\\Illuminate\\Session\\Middleware\\StartSession.php(64): Illuminate\\Session\\Middleware\\StartSession->handleStatefulRequest(Object(Illuminate\\Http\\Request), Object(Illuminate\\Session\\Store), Object(Closure))
#22 C:\\D\\xampp\\htdocs\\TTTD_KTPM_Clone2\\vendor\\laravel\\framework\\src\\Illuminate\\Pipeline\\Pipeline.php(209): Illuminate\\Session\\Middleware\\StartSession->handle(Object(Illuminate\\Http\\Request), Object(Closure))
#23 C:\\D\\xampp\\htdocs\\TTTD_KTPM_Clone2\\vendor\\laravel\\framework\\src\\Illuminate\\Cookie\\Middleware\\AddQueuedCookiesToResponse.php(37): Illuminate\\Pipeline\\Pipeline->Illuminate\\Pipeline\\{closure}(Object(Illuminate\\Http\\Request))
#24 C:\\D\\xampp\\htdocs\\TTTD_KTPM_Clone2\\vendor\\laravel\\framework\\src\\Illuminate\\Pipeline\\Pipeline.php(209): Illuminate\\Cookie\\Middleware\\AddQueuedCookiesToResponse->handle(Object(Illuminate\\Http\\Request), Object(Closure))
#25 C:\\D\\xampp\\htdocs\\TTTD_KTPM_Clone2\\vendor\\laravel\\framework\\src\\Illuminate\\Cookie\\Middleware\\EncryptCookies.php(75): Illuminate\\Pipeline\\Pipeline->Illuminate\\Pipeline\\{closure}(Object(Illuminate\\Http\\Request))
#26 C:\\D\\xampp\\htdocs\\TTTD_KTPM_Clone2\\vendor\\laravel\\framework\\src\\Illuminate\\Pipeline\\Pipeline.php(209): Illuminate\\Cookie\\Middleware\\EncryptCookies->handle(Object(Illuminate\\Http\\Request), Object(Closure))
#27 C:\\D\\xampp\\htdocs\\TTTD_KTPM_Clone2\\vendor\\laravel\\framework\\src\\Illuminate\\Pipeline\\Pipeline.php(127): Illuminate\\Pipeline\\Pipeline->Illuminate\\Pipeline\\{closure}(Object(Illuminate\\Http\\Request))
#28 C:\\D\\xampp\\htdocs\\TTTD_KTPM_Clone2\\vendor\\laravel\\framework\\src\\Illuminate\\Routing\\Router.php(807): Illuminate\\Pipeline\\Pipeline->then(Object(Closure))
#29 C:\\D\\xampp\\htdocs\\TTTD_KTPM_Clone2\\vendor\\laravel\\framework\\src\\Illuminate\\Routing\\Router.php(786): Illuminate\\Routing\\Router->runRouteWithinStack(Object(Illuminate\\Routing\\Route), Object(Illuminate\\Http\\Request))
#30 C:\\D\\xampp\\htdocs\\TTTD_KTPM_Clone2\\vendor\\laravel\\framework\\src\\Illuminate\\Routing\\Router.php(750): Illuminate\\Routing\\Router->runRoute(Object(Illuminate\\Http\\Request), Object(Illuminate\\Routing\\Route))
#31 C:\\D\\xampp\\htdocs\\TTTD_KTPM_Clone2\\vendor\\laravel\\framework\\src\\Illuminate\\Routing\\Router.php(739): Illuminate\\Routing\\Router->dispatchToRoute(Object(Illuminate\\Http\\Request))
#32 C:\\D\\xampp\\htdocs\\TTTD_KTPM_Clone2\\vendor\\laravel\\framework\\src\\Illuminate\\Foundation\\Http\\Kernel.php(201): Illuminate\\Routing\\Router->dispatch(Object(Illuminate\\Http\\Request))
#33 C:\\D\\xampp\\htdocs\\TTTD_KTPM_Clone2\\vendor\\laravel\\framework\\src\\Illuminate\\Pipeline\\Pipeline.php(170): Illuminate\\Foundation\\Http\\Kernel->Illuminate\\Foundation\\Http\\{closure}(Object(Illuminate\\Http\\Request))
#34 C:\\D\\xampp\\htdocs\\TTTD_KTPM_Clone2\\vendor\\barryvdh\\laravel-debugbar\\src\\Middleware\\InjectDebugbar.php(66): Illuminate\\Pipeline\\Pipeline->Illuminate\\Pipeline\\{closure}(Object(Illuminate\\Http\\Request))
#35 C:\\D\\xampp\\htdocs\\TTTD_KTPM_Clone2\\vendor\\laravel\\framework\\src\\Illuminate\\Pipeline\\Pipeline.php(209): Barryvdh\\Debugbar\\Middleware\\InjectDebugbar->handle(Object(Illuminate\\Http\\Request), Object(Closure))
#36 C:\\D\\xampp\\htdocs\\TTTD_KTPM_Clone2\\packages\\Webkul\\Installer\\src\\Http\\Middleware\\CanInstall.php(30): Illuminate\\Pipeline\\Pipeline->Illuminate\\Pipeline\\{closure}(Object(Illuminate\\Http\\Request))
#37 C:\\D\\xampp\\htdocs\\TTTD_KTPM_Clone2\\vendor\\laravel\\framework\\src\\Illuminate\\Pipeline\\Pipeline.php(209): Webkul\\Installer\\Http\\Middleware\\CanInstall->handle(Object(Illuminate\\Http\\Request), Object(Closure))
#38 C:\\D\\xampp\\htdocs\\TTTD_KTPM_Clone2\\packages\\Webkul\\Core\\src\\Http\\Middleware\\SecureHeaders.php(29): Illuminate\\Pipeline\\Pipeline->Illuminate\\Pipeline\\{closure}(Object(Illuminate\\Http\\Request))
#39 C:\\D\\xampp\\htdocs\\TTTD_KTPM_Clone2\\vendor\\laravel\\framework\\src\\Illuminate\\Pipeline\\Pipeline.php(209): Webkul\\Core\\Http\\Middleware\\SecureHeaders->handle(Object(Illuminate\\Http\\Request), Object(Closure))
#40 C:\\D\\xampp\\htdocs\\TTTD_KTPM_Clone2\\vendor\\laravel\\framework\\src\\Illuminate\\Foundation\\Http\\Middleware\\TransformsRequest.php(21): Illuminate\\Pipeline\\Pipeline->Illuminate\\Pipeline\\{closure}(Object(Illuminate\\Http\\Request))
#41 C:\\D\\xampp\\htdocs\\TTTD_KTPM_Clone2\\vendor\\laravel\\framework\\src\\Illuminate\\Foundation\\Http\\Middleware\\TrimStrings.php(51): Illuminate\\Foundation\\Http\\Middleware\\TransformsRequest->handle(Object(Illuminate\\Http\\Request), Object(Closure))
#42 C:\\D\\xampp\\htdocs\\TTTD_KTPM_Clone2\\vendor\\laravel\\framework\\src\\Illuminate\\Pipeline\\Pipeline.php(209): Illuminate\\Foundation\\Http\\Middleware\\TrimStrings->handle(Object(Illuminate\\Http\\Request), Object(Closure))
#43 C:\\D\\xampp\\htdocs\\TTTD_KTPM_Clone2\\vendor\\laravel\\framework\\src\\Illuminate\\Http\\Middleware\\ValidatePostSize.php(27): Illuminate\\Pipeline\\Pipeline->Illuminate\\Pipeline\\{closure}(Object(Illuminate\\Http\\Request))
#44 C:\\D\\xampp\\htdocs\\TTTD_KTPM_Clone2\\vendor\\laravel\\framework\\src\\Illuminate\\Pipeline\\Pipeline.php(209): Illuminate\\Http\\Middleware\\ValidatePostSize->handle(Object(Illuminate\\Http\\Request), Object(Closure))
#45 C:\\D\\xampp\\htdocs\\TTTD_KTPM_Clone2\\vendor\\laravel\\framework\\src\\Illuminate\\Http\\Middleware\\HandleCors.php(49): Illuminate\\Pipeline\\Pipeline->Illuminate\\Pipeline\\{closure}(Object(Illuminate\\Http\\Request))
#46 C:\\D\\xampp\\htdocs\\TTTD_KTPM_Clone2\\vendor\\laravel\\framework\\src\\Illuminate\\Pipeline\\Pipeline.php(209): Illuminate\\Http\\Middleware\\HandleCors->handle(Object(Illuminate\\Http\\Request), Object(Closure))
#47 C:\\D\\xampp\\htdocs\\TTTD_KTPM_Clone2\\vendor\\laravel\\framework\\src\\Illuminate\\Http\\Middleware\\TrustProxies.php(58): Illuminate\\Pipeline\\Pipeline->Illuminate\\Pipeline\\{closure}(Object(Illuminate\\Http\\Request))
#48 C:\\D\\xampp\\htdocs\\TTTD_KTPM_Clone2\\vendor\\laravel\\framework\\src\\Illuminate\\Pipeline\\Pipeline.php(209): Illuminate\\Http\\Middleware\\TrustProxies->handle(Object(Illuminate\\Http\\Request), Object(Closure))
#49 C:\\D\\xampp\\htdocs\\TTTD_KTPM_Clone2\\vendor\\laravel\\framework\\src\\Illuminate\\Foundation\\Http\\Middleware\\InvokeDeferredCallbacks.php(22): Illuminate\\Pipeline\\Pipeline->Illuminate\\Pipeline\\{closure}(Object(Illuminate\\Http\\Request))
#50 C:\\D\\xampp\\htdocs\\TTTD_KTPM_Clone2\\vendor\\laravel\\framework\\src\\Illuminate\\Pipeline\\Pipeline.php(209): Illuminate\\Foundation\\Http\\Middleware\\InvokeDeferredCallbacks->handle(Object(Illuminate\\Http\\Request), Object(Closure))
#51 C:\\D\\xampp\\htdocs\\TTTD_KTPM_Clone2\\vendor\\laravel\\framework\\src\\Illuminate\\Pipeline\\Pipeline.php(127): Illuminate\\Pipeline\\Pipeline->Illuminate\\Pipeline\\{closure}(Object(Illuminate\\Http\\Request))
#52 C:\\D\\xampp\\htdocs\\TTTD_KTPM_Clone2\\vendor\\laravel\\framework\\src\\Illuminate\\Foundation\\Http\\Kernel.php(176): Illuminate\\Pipeline\\Pipeline->then(Object(Closure))
#53 C:\\D\\xampp\\htdocs\\TTTD_KTPM_Clone2\\vendor\\laravel\\framework\\src\\Illuminate\\Foundation\\Http\\Kernel.php(145): Illuminate\\Foundation\\Http\\Kernel->sendRequestThroughRouter(Object(Illuminate\\Http\\Request))
#54 C:\\D\\xampp\\htdocs\\TTTD_KTPM_Clone2\\public\\index.php(51): Illuminate\\Foundation\\Http\\Kernel->handle(Object(Illuminate\\Http\\Request))
#55 C:\\D\\xampp\\htdocs\\TTTD_KTPM_Clone2\\vendor\\laravel\\framework\\src\\Illuminate\\Foundation\\resources\\server.php(23): require_once('C:\\\\D\\\\xampp\\\\htdo...')
#56 {main}
"} 
[2025-12-09 22:28:51] local.ERROR: Call to undefined method Webkul\Admin\Helpers\Dashboard::getDateRange() {"exception":"[object] (Error(code: 0): Call to undefined method Webkul\\Admin\\Helpers\\Dashboard::getDateRange() at C:\\D\\xampp\\htdocs\\TTTD_KTPM_Clone2\\packages\\Webkul\\Admin\\src\\Http\\Controllers\\DashboardController.php:55)
[stacktrace]
#0 C:\\D\\xampp\\htdocs\\TTTD_KTPM_Clone2\\vendor\\laravel\\framework\\src\\Illuminate\\Routing\\Controller.php(54): Webkul\\Admin\\Http\\Controllers\\DashboardController->stats()
#1 C:\\D\\xampp\\htdocs\\TTTD_KTPM_Clone2\\vendor\\laravel\\framework\\src\\Illuminate\\Routing\\ControllerDispatcher.php(44): Illuminate\\Routing\\Controller->callAction('stats', Array)
#2 C:\\D\\xampp\\htdocs\\TTTD_KTPM_Clone2\\vendor\\laravel\\framework\\src\\Illuminate\\Routing\\Route.php(266): Illuminate\\Routing\\ControllerDispatcher->dispatch(Object(Illuminate\\Routing\\Route), Object(Webkul\\Admin\\Http\\Controllers\\DashboardController), 'stats')
#3 C:\\D\\xampp\\htdocs\\TTTD_KTPM_Clone2\\vendor\\laravel\\framework\\src\\Illuminate\\Routing\\Route.php(212): Illuminate\\Routing\\Route->runController()
#4 C:\\D\\xampp\\htdocs\\TTTD_KTPM_Clone2\\vendor\\laravel\\framework\\src\\Illuminate\\Routing\\Router.php(808): Illuminate\\Routing\\Route->run()
#5 C:\\D\\xampp\\htdocs\\TTTD_KTPM_Clone2\\vendor\\laravel\\framework\\src\\Illuminate\\Pipeline\\Pipeline.php(170): Illuminate\\Routing\\Router->Illuminate\\Routing\\{closure}(Object(Illuminate\\Http\\Request))
#6 C:\\D\\xampp\\htdocs\\TTTD_KTPM_Clone2\\packages\\Webkul\\Core\\src\\Http\\Middleware\\NoCacheMiddleware.php(17): Illuminate\\Pipeline\\Pipeline->Illuminate\\Pipeline\\{closure}(Object(Illuminate\\Http\\Request))
#7 C:\\D\\xampp\\htdocs\\TTTD_KTPM_Clone2\\vendor\\laravel\\framework\\src\\Illuminate\\Pipeline\\Pipeline.php(209): Webkul\\Core\\Http\\Middleware\\NoCacheMiddleware->handle(Object(Illuminate\\Http\\Request), Object(Closure))
#8 C:\\D\\xampp\\htdocs\\TTTD_KTPM_Clone2\\packages\\Webkul\\User\\src\\Http\\Middleware\\Bouncer.php(44): Illuminate\\Pipeline\\Pipeline->Illuminate\\Pipeline\\{closure}(Object(Illuminate\\Http\\Request))
#9 C:\\D\\xampp\\htdocs\\TTTD_KTPM_Clone2\\vendor\\laravel\\framework\\src\\Illuminate\\Pipeline\\Pipeline.php(209): Webkul\\User\\Http\\Middleware\\Bouncer->handle(Object(Illuminate\\Http\\Request), Object(Closure))
#10 C:\\D\\xampp\\htdocs\\TTTD_KTPM_Clone2\\packages\\Webkul\\Core\\src\\Http\\Middleware\\PreventRequestsDuringMaintenance.php(109): Illuminate\\Pipeline\\Pipeline->Illuminate\\Pipeline\\{closure}(Object(Illuminate\\Http\\Request))
#11 C:\\D\\xampp\\htdocs\\TTTD_KTPM_Clone2\\vendor\\laravel\\framework\\src\\Illuminate\\Pipeline\\Pipeline.php(209): Webkul\\Core\\Http\\Middleware\\PreventRequestsDuringMaintenance->handle(Object(Illuminate\\Http\\Request), Object(Closure))
#12 C:\\D\\xampp\\htdocs\\TTTD_KTPM_Clone2\\vendor\\barryvdh\\laravel-debugbar\\src\\Middleware\\InjectDebugbar.php(66): Illuminate\\Pipeline\\Pipeline->Illuminate\\Pipeline\\{closure}(Object(Illuminate\\Http\\Request))
#13 C:\\D\\xampp\\htdocs\\TTTD_KTPM_Clone2\\vendor\\laravel\\framework\\src\\Illuminate\\Pipeline\\Pipeline.php(209): Barryvdh\\Debugbar\\Middleware\\InjectDebugbar->handle(Object(Illuminate\\Http\\Request), Object(Closure))
#14 C:\\D\\xampp\\htdocs\\TTTD_KTPM_Clone2\\vendor\\laravel\\framework\\src\\Illuminate\\Routing\\Middleware\\SubstituteBindings.php(51): Illuminate\\Pipeline\\Pipeline->Illuminate\\Pipeline\\{closure}(Object(Illuminate\\Http\\Request))
#15 C:\\D\\xampp\\htdocs\\TTTD_KTPM_Clone2\\vendor\\laravel\\framework\\src\\Illuminate\\Pipeline\\Pipeline.php(209): Illuminate\\Routing\\Middleware\\SubstituteBindings->handle(Object(Illuminate\\Http\\Request), Object(Closure))
#16 C:\\D\\xampp\\htdocs\\TTTD_KTPM_Clone2\\vendor\\laravel\\framework\\src\\Illuminate\\Foundation\\Http\\Middleware\\VerifyCsrfToken.php(88): Illuminate\\Pipeline\\Pipeline->Illuminate\\Pipeline\\{closure}(Object(Illuminate\\Http\\Request))
#17 C:\\D\\xampp\\htdocs\\TTTD_KTPM_Clone2\\vendor\\laravel\\framework\\src\\Illuminate\\Pipeline\\Pipeline.php(209): Illuminate\\Foundation\\Http\\Middleware\\VerifyCsrfToken->handle(Object(Illuminate\\Http\\Request), Object(Closure))
#18 C:\\D\\xampp\\htdocs\\TTTD_KTPM_Clone2\\vendor\\laravel\\framework\\src\\Illuminate\\View\\Middleware\\ShareErrorsFromSession.php(49): Illuminate\\Pipeline\\Pipeline->Illuminate\\Pipeline\\{closure}(Object(Illuminate\\Http\\Request))
#19 C:\\D\\xampp\\htdocs\\TTTD_KTPM_Clone2\\vendor\\laravel\\framework\\src\\Illuminate\\Pipeline\\Pipeline.php(209): Illuminate\\View\\Middleware\\ShareErrorsFromSession->handle(Object(Illuminate\\Http\\Request), Object(Closure))
#20 C:\\D\\xampp\\htdocs\\TTTD_KTPM_Clone2\\vendor\\laravel\\framework\\src\\Illuminate\\Session\\Middleware\\StartSession.php(121): Illuminate\\Pipeline\\Pipeline->Illuminate\\Pipeline\\{closure}(Object(Illuminate\\Http\\Request))
#21 C:\\D\\xampp\\htdocs\\TTTD_KTPM_Clone2\\vendor\\laravel\\framework\\src\\Illuminate\\Session\\Middleware\\StartSession.php(64): Illuminate\\Session\\Middleware\\StartSession->handleStatefulRequest(Object(Illuminate\\Http\\Request), Object(Illuminate\\Session\\Store), Object(Closure))
#22 C:\\D\\xampp\\htdocs\\TTTD_KTPM_Clone2\\vendor\\laravel\\framework\\src\\Illuminate\\Pipeline\\Pipeline.php(209): Illuminate\\Session\\Middleware\\StartSession->handle(Object(Illuminate\\Http\\Request), Object(Closure))
#23 C:\\D\\xampp\\htdocs\\TTTD_KTPM_Clone2\\vendor\\laravel\\framework\\src\\Illuminate\\Cookie\\Middleware\\AddQueuedCookiesToResponse.php(37): Illuminate\\Pipeline\\Pipeline->Illuminate\\Pipeline\\{closure}(Object(Illuminate\\Http\\Request))
#24 C:\\D\\xampp\\htdocs\\TTTD_KTPM_Clone2\\vendor\\laravel\\framework\\src\\Illuminate\\Pipeline\\Pipeline.php(209): Illuminate\\Cookie\\Middleware\\AddQueuedCookiesToResponse->handle(Object(Illuminate\\Http\\Request), Object(Closure))
#25 C:\\D\\xampp\\htdocs\\TTTD_KTPM_Clone2\\vendor\\laravel\\framework\\src\\Illuminate\\Cookie\\Middleware\\EncryptCookies.php(75): Illuminate\\Pipeline\\Pipeline->Illuminate\\Pipeline\\{closure}(Object(Illuminate\\Http\\Request))
#26 C:\\D\\xampp\\htdocs\\TTTD_KTPM_Clone2\\vendor\\laravel\\framework\\src\\Illuminate\\Pipeline\\Pipeline.php(209): Illuminate\\Cookie\\Middleware\\EncryptCookies->handle(Object(Illuminate\\Http\\Request), Object(Closure))
#27 C:\\D\\xampp\\htdocs\\TTTD_KTPM_Clone2\\vendor\\laravel\\framework\\src\\Illuminate\\Pipeline\\Pipeline.php(127): Illuminate\\Pipeline\\Pipeline->Illuminate\\Pipeline\\{closure}(Object(Illuminate\\Http\\Request))
#28 C:\\D\\xampp\\htdocs\\TTTD_KTPM_Clone2\\vendor\\laravel\\framework\\src\\Illuminate\\Routing\\Router.php(807): Illuminate\\Pipeline\\Pipeline->then(Object(Closure))
#29 C:\\D\\xampp\\htdocs\\TTTD_KTPM_Clone2\\vendor\\laravel\\framework\\src\\Illuminate\\Routing\\Router.php(786): Illuminate\\Routing\\Router->runRouteWithinStack(Object(Illuminate\\Routing\\Route), Object(Illuminate\\Http\\Request))
#30 C:\\D\\xampp\\htdocs\\TTTD_KTPM_Clone2\\vendor\\laravel\\framework\\src\\Illuminate\\Routing\\Router.php(750): Illuminate\\Routing\\Router->runRoute(Object(Illuminate\\Http\\Request), Object(Illuminate\\Routing\\Route))
#31 C:\\D\\xampp\\htdocs\\TTTD_KTPM_Clone2\\vendor\\laravel\\framework\\src\\Illuminate\\Routing\\Router.php(739): Illuminate\\Routing\\Router->dispatchToRoute(Object(Illuminate\\Http\\Request))
#32 C:\\D\\xampp\\htdocs\\TTTD_KTPM_Clone2\\vendor\\laravel\\framework\\src\\Illuminate\\Foundation\\Http\\Kernel.php(201): Illuminate\\Routing\\Router->dispatch(Object(Illuminate\\Http\\Request))
#33 C:\\D\\xampp\\htdocs\\TTTD_KTPM_Clone2\\vendor\\laravel\\framework\\src\\Illuminate\\Pipeline\\Pipeline.php(170): Illuminate\\Foundation\\Http\\Kernel->Illuminate\\Foundation\\Http\\{closure}(Object(Illuminate\\Http\\Request))
#34 C:\\D\\xampp\\htdocs\\TTTD_KTPM_Clone2\\vendor\\barryvdh\\laravel-debugbar\\src\\Middleware\\InjectDebugbar.php(66): Illuminate\\Pipeline\\Pipeline->Illuminate\\Pipeline\\{closure}(Object(Illuminate\\Http\\Request))
#35 C:\\D\\xampp\\htdocs\\TTTD_KTPM_Clone2\\vendor\\laravel\\framework\\src\\Illuminate\\Pipeline\\Pipeline.php(209): Barryvdh\\Debugbar\\Middleware\\InjectDebugbar->handle(Object(Illuminate\\Http\\Request), Object(Closure))
#36 C:\\D\\xampp\\htdocs\\TTTD_KTPM_Clone2\\packages\\Webkul\\Installer\\src\\Http\\Middleware\\CanInstall.php(30): Illuminate\\Pipeline\\Pipeline->Illuminate\\Pipeline\\{closure}(Object(Illuminate\\Http\\Request))
#37 C:\\D\\xampp\\htdocs\\TTTD_KTPM_Clone2\\vendor\\laravel\\framework\\src\\Illuminate\\Pipeline\\Pipeline.php(209): Webkul\\Installer\\Http\\Middleware\\CanInstall->handle(Object(Illuminate\\Http\\Request), Object(Closure))
#38 C:\\D\\xampp\\htdocs\\TTTD_KTPM_Clone2\\packages\\Webkul\\Core\\src\\Http\\Middleware\\SecureHeaders.php(29): Illuminate\\Pipeline\\Pipeline->Illuminate\\Pipeline\\{closure}(Object(Illuminate\\Http\\Request))
#39 C:\\D\\xampp\\htdocs\\TTTD_KTPM_Clone2\\vendor\\laravel\\framework\\src\\Illuminate\\Pipeline\\Pipeline.php(209): Webkul\\Core\\Http\\Middleware\\SecureHeaders->handle(Object(Illuminate\\Http\\Request), Object(Closure))
#40 C:\\D\\xampp\\htdocs\\TTTD_KTPM_Clone2\\vendor\\laravel\\framework\\src\\Illuminate\\Foundation\\Http\\Middleware\\TransformsRequest.php(21): Illuminate\\Pipeline\\Pipeline->Illuminate\\Pipeline\\{closure}(Object(Illuminate\\Http\\Request))
#41 C:\\D\\xampp\\htdocs\\TTTD_KTPM_Clone2\\vendor\\laravel\\framework\\src\\Illuminate\\Foundation\\Http\\Middleware\\TrimStrings.php(51): Illuminate\\Foundation\\Http\\Middleware\\TransformsRequest->handle(Object(Illuminate\\Http\\Request), Object(Closure))
#42 C:\\D\\xampp\\htdocs\\TTTD_KTPM_Clone2\\vendor\\laravel\\framework\\src\\Illuminate\\Pipeline\\Pipeline.php(209): Illuminate\\Foundation\\Http\\Middleware\\TrimStrings->handle(Object(Illuminate\\Http\\Request), Object(Closure))
#43 C:\\D\\xampp\\htdocs\\TTTD_KTPM_Clone2\\vendor\\laravel\\framework\\src\\Illuminate\\Http\\Middleware\\ValidatePostSize.php(27): Illuminate\\Pipeline\\Pipeline->Illuminate\\Pipeline\\{closure}(Object(Illuminate\\Http\\Request))
#44 C:\\D\\xampp\\htdocs\\TTTD_KTPM_Clone2\\vendor\\laravel\\framework\\src\\Illuminate\\Pipeline\\Pipeline.php(209): Illuminate\\Http\\Middleware\\ValidatePostSize->handle(Object(Illuminate\\Http\\Request), Object(Closure))
#45 C:\\D\\xampp\\htdocs\\TTTD_KTPM_Clone2\\vendor\\laravel\\framework\\src\\Illuminate\\Http\\Middleware\\HandleCors.php(49): Illuminate\\Pipeline\\Pipeline->Illuminate\\Pipeline\\{closure}(Object(Illuminate\\Http\\Request))
#46 C:\\D\\xampp\\htdocs\\TTTD_KTPM_Clone2\\vendor\\laravel\\framework\\src\\Illuminate\\Pipeline\\Pipeline.php(209): Illuminate\\Http\\Middleware\\HandleCors->handle(Object(Illuminate\\Http\\Request), Object(Closure))
#47 C:\\D\\xampp\\htdocs\\TTTD_KTPM_Clone2\\vendor\\laravel\\framework\\src\\Illuminate\\Http\\Middleware\\TrustProxies.php(58): Illuminate\\Pipeline\\Pipeline->Illuminate\\Pipeline\\{closure}(Object(Illuminate\\Http\\Request))
#48 C:\\D\\xampp\\htdocs\\TTTD_KTPM_Clone2\\vendor\\laravel\\framework\\src\\Illuminate\\Pipeline\\Pipeline.php(209): Illuminate\\Http\\Middleware\\TrustProxies->handle(Object(Illuminate\\Http\\Request), Object(Closure))
#49 C:\\D\\xampp\\htdocs\\TTTD_KTPM_Clone2\\vendor\\laravel\\framework\\src\\Illuminate\\Foundation\\Http\\Middleware\\InvokeDeferredCallbacks.php(22): Illuminate\\Pipeline\\Pipeline->Illuminate\\Pipeline\\{closure}(Object(Illuminate\\Http\\Request))
#50 C:\\D\\xampp\\htdocs\\TTTD_KTPM_Clone2\\vendor\\laravel\\framework\\src\\Illuminate\\Pipeline\\Pipeline.php(209): Illuminate\\Foundation\\Http\\Middleware\\InvokeDeferredCallbacks->handle(Object(Illuminate\\Http\\Request), Object(Closure))
#51 C:\\D\\xampp\\htdocs\\TTTD_KTPM_Clone2\\vendor\\laravel\\framework\\src\\Illuminate\\Pipeline\\Pipeline.php(127): Illuminate\\Pipeline\\Pipeline->Illuminate\\Pipeline\\{closure}(Object(Illuminate\\Http\\Request))
#52 C:\\D\\xampp\\htdocs\\TTTD_KTPM_Clone2\\vendor\\laravel\\framework\\src\\Illuminate\\Foundation\\Http\\Kernel.php(176): Illuminate\\Pipeline\\Pipeline->then(Object(Closure))
#53 C:\\D\\xampp\\htdocs\\TTTD_KTPM_Clone2\\vendor\\laravel\\framework\\src\\Illuminate\\Foundation\\Http\\Kernel.php(145): Illuminate\\Foundation\\Http\\Kernel->sendRequestThroughRouter(Object(Illuminate\\Http\\Request))
#54 C:\\D\\xampp\\htdocs\\TTTD_KTPM_Clone2\\public\\index.php(51): Illuminate\\Foundation\\Http\\Kernel->handle(Object(Illuminate\\Http\\Request))
#55 C:\\D\\xampp\\htdocs\\TTTD_KTPM_Clone2\\vendor\\laravel\\framework\\src\\Illuminate\\Foundation\\resources\\server.php(23): require_once('C:\\\\D\\\\xampp\\\\htdo...')
#56 {main}
"} 
[2025-12-09 22:28:52] local.ERROR: Call to undefined method Webkul\Admin\Helpers\Dashboard::getDateRange() {"exception":"[object] (Error(code: 0): Call to undefined method Webkul\\Admin\\Helpers\\Dashboard::getDateRange() at C:\\D\\xampp\\htdocs\\TTTD_KTPM_Clone2\\packages\\Webkul\\Admin\\src\\Http\\Controllers\\DashboardController.php:55)
[stacktrace]
#0 C:\\D\\xampp\\htdocs\\TTTD_KTPM_Clone2\\vendor\\laravel\\framework\\src\\Illuminate\\Routing\\Controller.php(54): Webkul\\Admin\\Http\\Controllers\\DashboardController->stats()
#1 C:\\D\\xampp\\htdocs\\TTTD_KTPM_Clone2\\vendor\\laravel\\framework\\src\\Illuminate\\Routing\\ControllerDispatcher.php(44): Illuminate\\Routing\\Controller->callAction('stats', Array)
#2 C:\\D\\xampp\\htdocs\\TTTD_KTPM_Clone2\\vendor\\laravel\\framework\\src\\Illuminate\\Routing\\Route.php(266): Illuminate\\Routing\\ControllerDispatcher->dispatch(Object(Illuminate\\Routing\\Route), Object(Webkul\\Admin\\Http\\Controllers\\DashboardController), 'stats')
#3 C:\\D\\xampp\\htdocs\\TTTD_KTPM_Clone2\\vendor\\laravel\\framework\\src\\Illuminate\\Routing\\Route.php(212): Illuminate\\Routing\\Route->runController()
#4 C:\\D\\xampp\\htdocs\\TTTD_KTPM_Clone2\\vendor\\laravel\\framework\\src\\Illuminate\\Routing\\Router.php(808): Illuminate\\Routing\\Route->run()
#5 C:\\D\\xampp\\htdocs\\TTTD_KTPM_Clone2\\vendor\\laravel\\framework\\src\\Illuminate\\Pipeline\\Pipeline.php(170): Illuminate\\Routing\\Router->Illuminate\\Routing\\{closure}(Object(Illuminate\\Http\\Request))
#6 C:\\D\\xampp\\htdocs\\TTTD_KTPM_Clone2\\packages\\Webkul\\Core\\src\\Http\\Middleware\\NoCacheMiddleware.php(17): Illuminate\\Pipeline\\Pipeline->Illuminate\\Pipeline\\{closure}(Object(Illuminate\\Http\\Request))
#7 C:\\D\\xampp\\htdocs\\TTTD_KTPM_Clone2\\vendor\\laravel\\framework\\src\\Illuminate\\Pipeline\\Pipeline.php(209): Webkul\\Core\\Http\\Middleware\\NoCacheMiddleware->handle(Object(Illuminate\\Http\\Request), Object(Closure))
#8 C:\\D\\xampp\\htdocs\\TTTD_KTPM_Clone2\\packages\\Webkul\\User\\src\\Http\\Middleware\\Bouncer.php(44): Illuminate\\Pipeline\\Pipeline->Illuminate\\Pipeline\\{closure}(Object(Illuminate\\Http\\Request))
#9 C:\\D\\xampp\\htdocs\\TTTD_KTPM_Clone2\\vendor\\laravel\\framework\\src\\Illuminate\\Pipeline\\Pipeline.php(209): Webkul\\User\\Http\\Middleware\\Bouncer->handle(Object(Illuminate\\Http\\Request), Object(Closure))
#10 C:\\D\\xampp\\htdocs\\TTTD_KTPM_Clone2\\packages\\Webkul\\Core\\src\\Http\\Middleware\\PreventRequestsDuringMaintenance.php(109): Illuminate\\Pipeline\\Pipeline->Illuminate\\Pipeline\\{closure}(Object(Illuminate\\Http\\Request))
#11 C:\\D\\xampp\\htdocs\\TTTD_KTPM_Clone2\\vendor\\laravel\\framework\\src\\Illuminate\\Pipeline\\Pipeline.php(209): Webkul\\Core\\Http\\Middleware\\PreventRequestsDuringMaintenance->handle(Object(Illuminate\\Http\\Request), Object(Closure))
#12 C:\\D\\xampp\\htdocs\\TTTD_KTPM_Clone2\\vendor\\barryvdh\\laravel-debugbar\\src\\Middleware\\InjectDebugbar.php(66): Illuminate\\Pipeline\\Pipeline->Illuminate\\Pipeline\\{closure}(Object(Illuminate\\Http\\Request))
#13 C:\\D\\xampp\\htdocs\\TTTD_KTPM_Clone2\\vendor\\laravel\\framework\\src\\Illuminate\\Pipeline\\Pipeline.php(209): Barryvdh\\Debugbar\\Middleware\\InjectDebugbar->handle(Object(Illuminate\\Http\\Request), Object(Closure))
#14 C:\\D\\xampp\\htdocs\\TTTD_KTPM_Clone2\\vendor\\laravel\\framework\\src\\Illuminate\\Routing\\Middleware\\SubstituteBindings.php(51): Illuminate\\Pipeline\\Pipeline->Illuminate\\Pipeline\\{closure}(Object(Illuminate\\Http\\Request))
#15 C:\\D\\xampp\\htdocs\\TTTD_KTPM_Clone2\\vendor\\laravel\\framework\\src\\Illuminate\\Pipeline\\Pipeline.php(209): Illuminate\\Routing\\Middleware\\SubstituteBindings->handle(Object(Illuminate\\Http\\Request), Object(Closure))
#16 C:\\D\\xampp\\htdocs\\TTTD_KTPM_Clone2\\vendor\\laravel\\framework\\src\\Illuminate\\Foundation\\Http\\Middleware\\VerifyCsrfToken.php(88): Illuminate\\Pipeline\\Pipeline->Illuminate\\Pipeline\\{closure}(Object(Illuminate\\Http\\Request))
#17 C:\\D\\xampp\\htdocs\\TTTD_KTPM_Clone2\\vendor\\laravel\\framework\\src\\Illuminate\\Pipeline\\Pipeline.php(209): Illuminate\\Foundation\\Http\\Middleware\\VerifyCsrfToken->handle(Object(Illuminate\\Http\\Request), Object(Closure))
#18 C:\\D\\xampp\\htdocs\\TTTD_KTPM_Clone2\\vendor\\laravel\\framework\\src\\Illuminate\\View\\Middleware\\ShareErrorsFromSession.php(49): Illuminate\\Pipeline\\Pipeline->Illuminate\\Pipeline\\{closure}(Object(Illuminate\\Http\\Request))
#19 C:\\D\\xampp\\htdocs\\TTTD_KTPM_Clone2\\vendor\\laravel\\framework\\src\\Illuminate\\Pipeline\\Pipeline.php(209): Illuminate\\View\\Middleware\\ShareErrorsFromSession->handle(Object(Illuminate\\Http\\Request), Object(Closure))
#20 C:\\D\\xampp\\htdocs\\TTTD_KTPM_Clone2\\vendor\\laravel\\framework\\src\\Illuminate\\Session\\Middleware\\StartSession.php(121): Illuminate\\Pipeline\\Pipeline->Illuminate\\Pipeline\\{closure}(Object(Illuminate\\Http\\Request))
#21 C:\\D\\xampp\\htdocs\\TTTD_KTPM_Clone2\\vendor\\laravel\\framework\\src\\Illuminate\\Session\\Middleware\\StartSession.php(64): Illuminate\\Session\\Middleware\\StartSession->handleStatefulRequest(Object(Illuminate\\Http\\Request), Object(Illuminate\\Session\\Store), Object(Closure))
#22 C:\\D\\xampp\\htdocs\\TTTD_KTPM_Clone2\\vendor\\laravel\\framework\\src\\Illuminate\\Pipeline\\Pipeline.php(209): Illuminate\\Session\\Middleware\\StartSession->handle(Object(Illuminate\\Http\\Request), Object(Closure))
#23 C:\\D\\xampp\\htdocs\\TTTD_KTPM_Clone2\\vendor\\laravel\\framework\\src\\Illuminate\\Cookie\\Middleware\\AddQueuedCookiesToResponse.php(37): Illuminate\\Pipeline\\Pipeline->Illuminate\\Pipeline\\{closure}(Object(Illuminate\\Http\\Request))
#24 C:\\D\\xampp\\htdocs\\TTTD_KTPM_Clone2\\vendor\\laravel\\framework\\src\\Illuminate\\Pipeline\\Pipeline.php(209): Illuminate\\Cookie\\Middleware\\AddQueuedCookiesToResponse->handle(Object(Illuminate\\Http\\Request), Object(Closure))
#25 C:\\D\\xampp\\htdocs\\TTTD_KTPM_Clone2\\vendor\\laravel\\framework\\src\\Illuminate\\Cookie\\Middleware\\EncryptCookies.php(75): Illuminate\\Pipeline\\Pipeline->Illuminate\\Pipeline\\{closure}(Object(Illuminate\\Http\\Request))
#26 C:\\D\\xampp\\htdocs\\TTTD_KTPM_Clone2\\vendor\\laravel\\framework\\src\\Illuminate\\Pipeline\\Pipeline.php(209): Illuminate\\Cookie\\Middleware\\EncryptCookies->handle(Object(Illuminate\\Http\\Request), Object(Closure))
#27 C:\\D\\xampp\\htdocs\\TTTD_KTPM_Clone2\\vendor\\laravel\\framework\\src\\Illuminate\\Pipeline\\Pipeline.php(127): Illuminate\\Pipeline\\Pipeline->Illuminate\\Pipeline\\{closure}(Object(Illuminate\\Http\\Request))
#28 C:\\D\\xampp\\htdocs\\TTTD_KTPM_Clone2\\vendor\\laravel\\framework\\src\\Illuminate\\Routing\\Router.php(807): Illuminate\\Pipeline\\Pipeline->then(Object(Closure))
#29 C:\\D\\xampp\\htdocs\\TTTD_KTPM_Clone2\\vendor\\laravel\\framework\\src\\Illuminate\\Routing\\Router.php(786): Illuminate\\Routing\\Router->runRouteWithinStack(Object(Illuminate\\Routing\\Route), Object(Illuminate\\Http\\Request))
#30 C:\\D\\xampp\\htdocs\\TTTD_KTPM_Clone2\\vendor\\laravel\\framework\\src\\Illuminate\\Routing\\Router.php(750): Illuminate\\Routing\\Router->runRoute(Object(Illuminate\\Http\\Request), Object(Illuminate\\Routing\\Route))
#31 C:\\D\\xampp\\htdocs\\TTTD_KTPM_Clone2\\vendor\\laravel\\framework\\src\\Illuminate\\Routing\\Router.php(739): Illuminate\\Routing\\Router->dispatchToRoute(Object(Illuminate\\Http\\Request))
#32 C:\\D\\xampp\\htdocs\\TTTD_KTPM_Clone2\\vendor\\laravel\\framework\\src\\Illuminate\\Foundation\\Http\\Kernel.php(201): Illuminate\\Routing\\Router->dispatch(Object(Illuminate\\Http\\Request))
#33 C:\\D\\xampp\\htdocs\\TTTD_KTPM_Clone2\\vendor\\laravel\\framework\\src\\Illuminate\\Pipeline\\Pipeline.php(170): Illuminate\\Foundation\\Http\\Kernel->Illuminate\\Foundation\\Http\\{closure}(Object(Illuminate\\Http\\Request))
#34 C:\\D\\xampp\\htdocs\\TTTD_KTPM_Clone2\\vendor\\barryvdh\\laravel-debugbar\\src\\Middleware\\InjectDebugbar.php(66): Illuminate\\Pipeline\\Pipeline->Illuminate\\Pipeline\\{closure}(Object(Illuminate\\Http\\Request))
#35 C:\\D\\xampp\\htdocs\\TTTD_KTPM_Clone2\\vendor\\laravel\\framework\\src\\Illuminate\\Pipeline\\Pipeline.php(209): Barryvdh\\Debugbar\\Middleware\\InjectDebugbar->handle(Object(Illuminate\\Http\\Request), Object(Closure))
#36 C:\\D\\xampp\\htdocs\\TTTD_KTPM_Clone2\\packages\\Webkul\\Installer\\src\\Http\\Middleware\\CanInstall.php(30): Illuminate\\Pipeline\\Pipeline->Illuminate\\Pipeline\\{closure}(Object(Illuminate\\Http\\Request))
#37 C:\\D\\xampp\\htdocs\\TTTD_KTPM_Clone2\\vendor\\laravel\\framework\\src\\Illuminate\\Pipeline\\Pipeline.php(209): Webkul\\Installer\\Http\\Middleware\\CanInstall->handle(Object(Illuminate\\Http\\Request), Object(Closure))
#38 C:\\D\\xampp\\htdocs\\TTTD_KTPM_Clone2\\packages\\Webkul\\Core\\src\\Http\\Middleware\\SecureHeaders.php(29): Illuminate\\Pipeline\\Pipeline->Illuminate\\Pipeline\\{closure}(Object(Illuminate\\Http\\Request))
#39 C:\\D\\xampp\\htdocs\\TTTD_KTPM_Clone2\\vendor\\laravel\\framework\\src\\Illuminate\\Pipeline\\Pipeline.php(209): Webkul\\Core\\Http\\Middleware\\SecureHeaders->handle(Object(Illuminate\\Http\\Request), Object(Closure))
#40 C:\\D\\xampp\\htdocs\\TTTD_KTPM_Clone2\\vendor\\laravel\\framework\\src\\Illuminate\\Foundation\\Http\\Middleware\\TransformsRequest.php(21): Illuminate\\Pipeline\\Pipeline->Illuminate\\Pipeline\\{closure}(Object(Illuminate\\Http\\Request))
#41 C:\\D\\xampp\\htdocs\\TTTD_KTPM_Clone2\\vendor\\laravel\\framework\\src\\Illuminate\\Foundation\\Http\\Middleware\\TrimStrings.php(51): Illuminate\\Foundation\\Http\\Middleware\\TransformsRequest->handle(Object(Illuminate\\Http\\Request), Object(Closure))
#42 C:\\D\\xampp\\htdocs\\TTTD_KTPM_Clone2\\vendor\\laravel\\framework\\src\\Illuminate\\Pipeline\\Pipeline.php(209): Illuminate\\Foundation\\Http\\Middleware\\TrimStrings->handle(Object(Illuminate\\Http\\Request), Object(Closure))
#43 C:\\D\\xampp\\htdocs\\TTTD_KTPM_Clone2\\vendor\\laravel\\framework\\src\\Illuminate\\Http\\Middleware\\ValidatePostSize.php(27): Illuminate\\Pipeline\\Pipeline->Illuminate\\Pipeline\\{closure}(Object(Illuminate\\Http\\Request))
#44 C:\\D\\xampp\\htdocs\\TTTD_KTPM_Clone2\\vendor\\laravel\\framework\\src\\Illuminate\\Pipeline\\Pipeline.php(209): Illuminate\\Http\\Middleware\\ValidatePostSize->handle(Object(Illuminate\\Http\\Request), Object(Closure))
#45 C:\\D\\xampp\\htdocs\\TTTD_KTPM_Clone2\\vendor\\laravel\\framework\\src\\Illuminate\\Http\\Middleware\\HandleCors.php(49): Illuminate\\Pipeline\\Pipeline->Illuminate\\Pipeline\\{closure}(Object(Illuminate\\Http\\Request))
#46 C:\\D\\xampp\\htdocs\\TTTD_KTPM_Clone2\\vendor\\laravel\\framework\\src\\Illuminate\\Pipeline\\Pipeline.php(209): Illuminate\\Http\\Middleware\\HandleCors->handle(Object(Illuminate\\Http\\Request), Object(Closure))
#47 C:\\D\\xampp\\htdocs\\TTTD_KTPM_Clone2\\vendor\\laravel\\framework\\src\\Illuminate\\Http\\Middleware\\TrustProxies.php(58): Illuminate\\Pipeline\\Pipeline->Illuminate\\Pipeline\\{closure}(Object(Illuminate\\Http\\Request))
#48 C:\\D\\xampp\\htdocs\\TTTD_KTPM_Clone2\\vendor\\laravel\\framework\\src\\Illuminate\\Pipeline\\Pipeline.php(209): Illuminate\\Http\\Middleware\\TrustProxies->handle(Object(Illuminate\\Http\\Request), Object(Closure))
#49 C:\\D\\xampp\\htdocs\\TTTD_KTPM_Clone2\\vendor\\laravel\\framework\\src\\Illuminate\\Foundation\\Http\\Middleware\\InvokeDeferredCallbacks.php(22): Illuminate\\Pipeline\\Pipeline->Illuminate\\Pipeline\\{closure}(Object(Illuminate\\Http\\Request))
#50 C:\\D\\xampp\\htdocs\\TTTD_KTPM_Clone2\\vendor\\laravel\\framework\\src\\Illuminate\\Pipeline\\Pipeline.php(209): Illuminate\\Foundation\\Http\\Middleware\\InvokeDeferredCallbacks->handle(Object(Illuminate\\Http\\Request), Object(Closure))
#51 C:\\D\\xampp\\htdocs\\TTTD_KTPM_Clone2\\vendor\\laravel\\framework\\src\\Illuminate\\Pipeline\\Pipeline.php(127): Illuminate\\Pipeline\\Pipeline->Illuminate\\Pipeline\\{closure}(Object(Illuminate\\Http\\Request))
#52 C:\\D\\xampp\\htdocs\\TTTD_KTPM_Clone2\\vendor\\laravel\\framework\\src\\Illuminate\\Foundation\\Http\\Kernel.php(176): Illuminate\\Pipeline\\Pipeline->then(Object(Closure))
#53 C:\\D\\xampp\\htdocs\\TTTD_KTPM_Clone2\\vendor\\laravel\\framework\\src\\Illuminate\\Foundation\\Http\\Kernel.php(145): Illuminate\\Foundation\\Http\\Kernel->sendRequestThroughRouter(Object(Illuminate\\Http\\Request))
#54 C:\\D\\xampp\\htdocs\\TTTD_KTPM_Clone2\\public\\index.php(51): Illuminate\\Foundation\\Http\\Kernel->handle(Object(Illuminate\\Http\\Request))
#55 C:\\D\\xampp\\htdocs\\TTTD_KTPM_Clone2\\vendor\\laravel\\framework\\src\\Illuminate\\Foundation\\resources\\server.php(23): require_once('C:\\\\D\\\\xampp\\\\htdo...')
#56 {main}
"} 
